-- phpMyAdmin SQL Dump
-- version 3.5.2.2
-- http://www.phpmyadmin.net
--
-- Host: 127.0.0.1
-- Generation Time: Sep 25, 2016 at 09:14 PM
-- Server version: 5.5.27
-- PHP Version: 5.4.7

SET SQL_MODE="NO_AUTO_VALUE_ON_ZERO";
SET time_zone = "+00:00";


/*!40101 SET @OLD_CHARACTER_SET_CLIENT=@@CHARACTER_SET_CLIENT */;
/*!40101 SET @OLD_CHARACTER_SET_RESULTS=@@CHARACTER_SET_RESULTS */;
/*!40101 SET @OLD_COLLATION_CONNECTION=@@COLLATION_CONNECTION */;
/*!40101 SET NAMES utf8 */;

--
-- Database: `editordb`
--

-- --------------------------------------------------------

--
-- Table structure for table `aboutus`
--

CREATE TABLE IF NOT EXISTS `aboutus` (
  `id` int(11) NOT NULL AUTO_INCREMENT,
  `managemenu` varchar(50) NOT NULL,
  `ordering` varchar(50) NOT NULL,
  `contenttile` varchar(100) NOT NULL,
  `description` varchar(100) NOT NULL,
  `Image` longblob NOT NULL,
  PRIMARY KEY (`id`)
) ENGINE=InnoDB  DEFAULT CHARSET=latin1 AUTO_INCREMENT=21 ;

--
-- Dumping data for table `aboutus`
--

INSERT INTO `aboutus` (`id`, `managemenu`, `ordering`, `contenttile`, `description`, `Image`) VALUES
(19, 'About Obaidul Quader', '1', 'about us', '<p>check</p>\r\n', 0x89504e470d0a1a0a0000000d494844520000006400000064080600000070e29554000000097048597300000b1300000b1301009a9c1800000a4f6943435050686f746f73686f70204943432070726f66696c65000078da9d53675453e9163df7def4424b8880944b6f5215082052428b801491262a2109104a8821a1d91551c1114545041bc8a088038e8e808c15512c0c8a0ad807e421a28e83a3888acafbe17ba36bd6bcf7e6cdfeb5d73ee7acf39db3cf07c0080c9648335135800ca9421e11e083c7c4c6e1e42e40810a2470001008b3642173fd230100f87e3c3c2b22c007be000178d30b0800c04d9bc0301c87ff0fea42995c01808401c07491384b08801400407a8e42a600404601809d98265300a0040060cb6362e300502d0060277fe6d300809df8997b01005b94211501a09100201365884400683b00accf568a450058300014664bc43900d82d00304957664800b0b700c0ce100bb200080c00305188852900047b0060c8232378008499001446f2573cf12bae10e72a00007899b23cb9243945815b082d710757572e1e28ce49172b14366102619a402ec27999193281340fe0f3cc0000a0911511e083f3fd78ce0eaecece368eb60e5f2deabf06ff226262e3fee5cfab70400000e1747ed1fe2c2fb31a803b06806dfea225ee04685e0ba075f78b66b20f40b500a0e9da57f370f87e3c3c45a190b9d9d9e5e4e4d84ac4425b61ca577dfe67c25fc057fd6cf97e3cfcf7f5e0bee22481325d814704f8e0c2ccf44ca51ccf92098462dce68f47fcb70bfffc1dd322c44962b9582a14e35112718e449a8cf332a52289429229c525d2ff64e2df2cfb033edf3500b06a3e017b912da85d6303f64b27105874c0e2f70000f2bb6fc1d4280803806883e1cf77ffef3ffd47a02500806649927100005e44242e54cab33fc708000044a0812ab0411bf4c1182cc0061cc105dcc10bfc6036844224c4c24210420a64801c726029ac82422886cdb01d2a602fd4401d34c051688693700e2ec255b80e3d700ffa61089ec128bc81090441c808136121da8801628a58238e08179985f821c14804128b2420c9881451224b91354831528a542055481df23d720239875c46ba913bc8003282fc86bc47319481b2513dd40cb543b9a8371a8446a20bd06474319a8f16a09bd072b41a3d8c36a1e7d0ab680fda8f3e43c730c0e8180733c46c302ec6c342b1382c099363cbb122ac0cabc61ab056ac03bb89f563cfb17704128145c0093604774220611e4148584c584ed848a8201c243411da093709038451c2272293a84bb426ba11f9c4186232318758482c23d6128f132f107b8843c437241289433227b9900249b1a454d212d246d26e5223e92ca99b34481a2393c9da646bb20739942c202bc885e49de4c3e433e41be421f25b0a9d624071a4f853e22852ca6a4a19e510e534e5066598324155a39a52dda8a15411358f5a42ada1b652af5187a81334759a39cd8316494ba5ada295d31a681768f769afe874ba11dd951e4e97d057d2cbe947e897e803f4770c0d861583c7886728199b18071867197718af984ca619d38b19c754303731eb98e7990f996f55582ab62a7c1591ca0a954a9526951b2a2f54a9aaa6aadeaa0b55f355cb548fa95e537dae46553353e3a909d496ab55aa9d50eb531b5367a93ba887aa67a86f543fa47e59fd890659c34cc34f43a451a0b15fe3bcc6200b6319b3782c216b0dab86758135c426b1cdd97c762abb98fd1dbb8b3daaa9a13943334a3357b352f394663f07e39871f89c744e09e728a797f37e8ade14ef29e2291ba6344cb931655c6baa96979658ab48ab51ab47ebbd36aeeda79da6bd45bb59fb810e41c74a275c2747678fce059de753d953dda70aa7164d3d3af5ae2eaa6ba51ba1bb4477bf6ea7ee989ebe5e809e4c6fa7de79bde7fa1c7d2ffd54fd6dfaa7f5470c5806b30c2406db0cce183cc535716f3c1d2fc7dbf151435dc34043a561956197e18491b9d13ca3d5468d460f8c69c65ce324e36dc66dc6a326062621264b4dea4dee9a524db9a629a63b4c3b4cc7cdcccda2cdd699359b3d31d732e79be79bd79bdfb7605a785a2cb6a8b6b86549b2e45aa659eeb6bc6e855a3959a558555a5db346ad9dad25d6bbadbba711a7b94e934eab9ed667c3b0f1b6c9b6a9b719b0e5d806dbaeb66db67d6167621767b7c5aec3ee93bd937dba7d8dfd3d070d87d90eab1d5a1d7e73b472143a563ade9ace9cee3f7dc5f496e92f6758cf10cfd833e3b613cb29c4699d539bd347671767b97383f3888b894b82cb2e973e2e9b1bc6ddc8bde44a74f5715de17ad2f59d9bb39bc2eda8dbafee36ee69ee87dc9fcc349f299e593373d0c3c843e051e5d13f0b9f95306bdfac7e4f434f8167b5e7232f632f9157add7b0b7a577aaf761ef173ef63e729fe33ee33c37de32de595fcc37c0b7c8b7cb4fc36f9e5f85df437f23ff64ff7affd100a78025016703898141815b02fbf87a7c21bf8e3f3adb65f6b2d9ed418ca0b94115418f82ad82e5c1ad2168c8ec90ad21f7e798ce91ce690e85507ee8d6d00761e6618bc37e0c2785878557863f8e7088581ad131973577d1dc4373df44fa449644de9b67314f39af2d4a352a3eaa2e6a3cda37ba34ba3fc62e6659ccd5589d58496c4b1c392e2aae366e6cbedffcedf387e29de20be37b17982fc85d7079a1cec2f485a716a92e122c3a96404c884e3894f041102aa8168c25f21377258e0a79c21dc267222fd136d188d8435c2a1e4ef2482a4d7a92ec91bc357924c533a52ce5b98427a990bc4c0d4cdd9b3a9e169a76206d323d3abd31839291907142aa214d93b667ea67e66676cbac6585b2fec56e8bb72f1e9507c96bb390ac05592d0ab642a6e8545a28d72a07b267655766bfcd89ca3996ab9e2bcdedccb3cadb90379cef9fffed12c212e192b6a5864b572d1d58e6bdac6a39b23c7179db0ae315052b865606ac3cb88ab62a6dd54fabed5797ae7ebd267a4d6b815ec1ca82c1b5016beb0b550ae5857debdcd7ed5d4f582f59dfb561fa869d1b3e15898aae14db1797157fd828dc78e51b876fcabf99dc94b4a9abc4b964cf66d266e9e6de2d9e5b0e96aa97e6970e6e0dd9dab40ddf56b4edf5f645db2f97cd28dbbb83b643b9a3bf3cb8bc65a7c9cecd3b3f54a454f454fa5436eed2ddb561d7f86ed1ee1b7bbcf634ecd5db5bbcf7fd3ec9bedb5501554dd566d565fb49fbb3f73fae89aae9f896fb6d5dad4e6d71edc703d203fd07230eb6d7b9d4d51dd23d54528fd62beb470ec71fbefe9def772d0d360d558d9cc6e223704479e4e9f709dff71e0d3ada768c7bace107d31f761d671d2f6a429af29a469b539afb5b625bba4fcc3ed1d6eade7afc47db1f0f9c343c59794af354c969dae982d39367f2cf8c9d959d7d7e2ef9dc60dba2b67be763cedf6a0f6fefba1074e1d245ff8be73bbc3bce5cf2b874f2b2dbe51357b8579aaf3a5f6dea74ea3cfe93d34fc7bb9cbb9aaeb95c6bb9ee7abdb57b66f7e91b9e37ceddf4bd79f116ffd6d59e393dddbdf37a6ff7c5f7f5df16dd7e7227fdcecbbbd97727eeadbc4fbc5ff440ed41d943dd87d53f5bfedcd8efdc7f6ac077a0f3d1dc47f7068583cffe91f58f0f43058f998fcb860d86eb9e383e3939e23f72fde9fca743cf64cf269e17fea2fecbae17162f7ef8d5ebd7ced198d1a197f29793bf6d7ca5fdeac0eb19afdbc6c2c61ebec97833315ef456fbedc177dc771defa3df0f4fe47c207f28ff68f9b1f553d0a7fb93199393ff040398f3fc63332ddb000000206348524d00007a25000080830000f9ff000080e9000075300000ea6000003a980000176f925fc5460000567d4944415478da94fd77b4a6e959de89fe9ef4a62fec58bb725775aaaece49ad688526886430e20c039c91c78785cf302083bd6cd60cb6670d4b306373bce61c7be03800637b3c3636023192412010128a8d126aa9bbd4adce5d7157d5cefb4b6f7ac2fcf1bcdfae6a059bd96b7dab7655eddaf5edf709f77d5ff7755db7f8ef7ee67fe0f8a9dbd8ddbc44331b33dedfe6f2d5cbec8d46f4070ba449cae2c202276fb98d430bcbdc7adb29b27e9f2b972ff09573cfd03a502aa1c670eaf45dacad2d737de365ce9d7b861347efe0aedb4ed1b633cab6616f671f230357af9ee7d5975ec69884adedab601d956d79e5e2459430f48b82c44894d6e0c3d9aa9e9c4994bc2d91e2f468b47fa275f668a2cdaa567211c4c0fb90b6de32abeb3a20c6fdbcd81bf6b2ad7e915e55497a7961909c57d2bf329dd62f04782ecb0cd3594555b72c0ffa34d58cc1f1537cdf5fff3bdcf3c0eb489314e72c21803186f821e22f21dcf469e02ff231ff3a21040441e0ebffdd8ddf8b7ff9eb1f6434dea29d4de92586a7cffd19172f5c6032ab18f616d046a2a460616199b54347593bb4c2a3af7f23172ebdc273cfbc809409b2e8b370e828bedee2e9a7bf445569ee3cfb2047d71668a63376763799542da78eddc2f90be7f8c29f3dc1caca12d7ae5fa3a91bf23ce5eae6261223b4e10dc063b6691f0df88712291ee81b258c02ef2d46298cd2386ff1384410581ba8bd2320689da7712dad05a335799e31e8f5280a4d6a4c70de3f5d56b3af2c0c8b2fb575fbc559d97c7ea15784103c7261916ffb2f7f827b5fff38fd22c7398b90122565b7200221bef121be765dc28dc57bcda28010377f6d40bce6bbc40fbdb8b2885281feb1936c6e5da67101a55396160aead661eb0adb36a459465e141c3d7a9224312c2eac72f254c3d6e6757676af72edf20b5cbb7491d24bce9e7d98220dacaf5f627b7b83d964c6e993b7f3c20b9fe399af7e8d23874f7075fd3cd3e98c442ab379fdfae3833c7f8727bc6d3a2bdf42f0083ca9162c2429cbb941c9805406254120f05e124220c880f7605dc086406b033ea434c1322d5b26e331d359cdf2e2029e99305a3e38ec650feeec947f2d4b35cb0b832746b3f2534aaa4fe8bddd8f7ff4fff817ed747f8f47dff1bd9824c5d916ad3521c49d2e445c9470f3a1f1a23b43e1e06be81ef78d850807072d100e56e2e6a50b02b4d49aa5e565d254f2e22bfb64d922c15f234898ce4634b565757991c6393636ae9067090b4b431616173126e1dad5f3549311b6b50c1756584972ead90eaf3e7f9dc964c4b56b1bdc71eb19ae5cfc329ffecca748931eb6ad09dedf3fc8f4f7e459f1dd8796fa8fd7f50c6b1b16d33ed6366825c8b521d38ad5618e510111025a6a821458ebf0d62314f810a89c655296d4ca622d18349952f4d2c0ceb4627d7393857e814b7a3475cd423f636f525255cd5b0603f396e0c5dfaddbf071d98efee8f31ffccd0ffb6a7ceedeb77c17480d805212173cc17b8450af79c8e1e64b2dc4ab29742b11422074a741740f3d8470b01081f9eac6efa2bdf72c2e2d72e1c24bd856e28345a80c952832d36338c8304651978eaab22c2e2c53ce66a024c3a525ee7be831248af5ab17f9ea534f514e67583b61bc3f623cd9e3c8da2da459cd937f7e8eb5c54388d03eaedae9bb7a49fa03bd6ce154a625832c234f57510a9ac652d525d607f09641aec98c00ef48b426351a29053e40f060bdc53a4759560c8ca4b49e69d5d23a4feb5a12ed313265543976c7334c1218f406ec4f6bb24411846634f318d9901af5f8b46c1f2f77f67ffaa98ffec1efe526ffc0a9075fff7194204889efe2c18d53103f7ce8ee24094a88789a0808e4c1491161be00e135b75a5cb0f9820a74bf3f20044f503922d56c8dc70c1617f1c1e31d2c2d2f331eede26dcd6832e26b2f3ecf630baf47cc2a860b82fb1f7984b6993199ec72f6ec3d5cbff20aeb572fa3a4e7ae3befa597492e9d7f9e53ab87bfada99b1fc933fdc399d14b04cfcab0474f2bfa49829401ad044debf02c32ad5a826be9a502a30489922825e39dae240268adc77b4f59d7ccd28cda5acaa6655256d4aea1ac35d3a6c1288f91024f60773a23784f9ee708919227922c2df0ae643a9b91a639cef953d737c63ff3f93ff983772749f63b773df2b6f7993cfbd3b81102dec74728a53c3821f35d2f882716111f30372d84ef5645744b45888b79d3daa2f32c657b671b171cfb3bbb2c0e9629275b24bac7daea61aa6646af315cdbafd8db1fd3cffa24da302a2b462fbd4c5a641c39799cfb1e7c904bafbc8c6c4b16868b642627d196ab175f7ef8ec2db7bebb994ddead096bbddc202588e0c9342c0d062452a294407551af6d5a6aa06e4b6ce318a486440574928308c810f0be0502ad0b9475c3b4ac689d67569514a961da3494a6459715b3bac268894e34f8c0eeac66d6b42c8b214992d0342d524ad2b4a06d1d464b84145cb97279e9890f7ff0bf595a39f983a7ef7df0df6579f6ef82f75ff62110824729f9da807ef3e7e2ebc275975d1d2469e29bfc1b403bdf52d50dd7af6d50378ee5e525b69b92e5d563f48a848d6b25b69eb27ef52aab2b87510afeec894fb174f4146533657f7f9fbbcf9ee1fec71e25e0e9e719cdb4a497e84135d9f9893b0e2dff7868670fd8ba22f11645439226d46d4b5d8e4995263719462a5c701863b06dc3a429a97d46b03048154643e302a94e20f878d4bda37596d63aa6b392aaaa2813452f4998342db3bc214914bb639854250bb942aee44819d89e5ab677f7f0d6b1b430444a906942af28989663b40a48a579f5d557f9d41fbc6f6d69f5f0df2e4e9ffa0e95997fed9dff973ef8b152f21b1e68e862483c13e1463c09e25be4c43716478880dedad9c30718edefb2b8b44cb9bd4ebfbfc8e1a3c7184ff7e9f7077cf5abeb041f58595c667b7f9fddc90491f7b142f0f24b2fd18e765818149c3a73865ea291e5ec1d990a3f69abc51f0dd59450cd90be22b41502d052d0b433cac910e52c788fd602eb1d3a29404896b1ec4d2684d692268a442b021ea5345248bc7378e7b1c151d7359949a8b294aaae48cb92ac69999529b956a452b329606f3a23378a638b399969d89d3ac69311adf51c595ba2b50e210483de90d96c82c093988ce7befa158e3ff127bcf3e88f3fb0d4efff63e00d21845f93527ee29be4bd071998e0b569eecd3995f816aba247a392d96c1f69058361c6745b70e4e49d2cad2cd056337667bb6cefeca175c1d6ee36d960482615fb3bdb9cbcfd1e26e11a1b9b5bbcf8e4930c7a85585c5e7a8fccd3f7642a9c0d758db743700da2dcc73b87f00d2a405d4e287a03847308efb04d8536fae0fe9542a233435b55880089d2e84441f00825c0c7dde77ca0ac2ab2bc6236d36475426f30603a9b31994de9970a2d354a402225e3a64648c5b2d0044a9484b229b9b66539b4b442d354785f90a6054a04aaba466acd9ffdd17f6475ed18eff82bff25459efe6808e12121c43f05fea908bc36df12373feaaeda383839dfb478b9716505ef68ca8a85c545b20484d62cad2c617d4b9e26acaf5f62bc3f214903fd8505129d53f4fa8cc6330486fec222938d929d9d9d5bafbffcd2dfcad45d3fdb1bf6102a9024097807ce221285f31e6c45f08e3c2fc037d86a8622e09d273887777597457964aa71694a700e42c01883081ea139b80ebc0be84493d994224fa9cb8aaa69c8524d9618cab4c2184d9628d244a346133c25c13b967a1e2505465ba64dcbd5ed1d8e2daf309994644b290841920a8200e13d1f7edfbfe2e8a95b79e0f56f446b7d16117e5588702741fc1301af42773d712350c8eed9077153ea0b04e1bbf02eba8c2c1e292d7ccb743a6369790d576e90998295d555cac93e33aeb2b1bd45dd38846a3149c6c2ca1ac62836762f515525c1d5381fde5ccec63fb779edcabb122d39f3d083486d1004a494486f71498ac1111a1fefd92c10ea0aad24deb668a5f06d43b09a103cd27b846b5152116c4d081e2124f878d7c6dd26515aa0138db61a2d25da28d236a5681a52ada9f38ca248c98da148328c314801bba2419980368aacb6c849c5b86ab9b2bdc5d1e515aeedecb03418a2b5c468094ab1bfbbc347deffefb8fdecfdac1e5eed7679f859813809fc2fc09f0511105dbc38488f6f3a0d42c44c2d6e2879d3618a5fa3defef6ef02693876ec18b3f13e2bab47c98b8c44195e39ff225ff9ca17a96796c160c0b113b773cbed77d1eb15cca62386cb6bd0367fd93bf7dee52279a76a1b860bcbf4524d9e25e07d774a7c5c98f92e910221044ac6fd21b5012950462195402a0542a1954210a10ba13522801471574921412aa449baafd10811f12fa3145a2bd2d490a586343118d5fdb952286990521342ac4394d064690602a675c3b4aa31498a088254a7f8e0d04a81345cbd7c89e3a76ee5cebbef274b53126548b4bedb687dd668bd9128f382d19af832e8eed7441b8c3618ad49e67f6e348932ccbf5e2b83dedb9f72e2f49d6499a2ae6bfa0345d3389a6a9bbddd5d66d31926534865e82dad30182c524ff7d146e0acfd913c4bff7ea6c4fd69a170e53ed2d684b665b6b5c9e0d01ace5aa4325ddae71146205d1b3fc7137ccce5a59bef1849f00e295a425048a5718d072f091a9480e003de3be4fcb82b85f0016d5294d75824488dd22d26b1f12128499619d23c23d1397932a69716ecd60d5777f619eded336b2cf8c0b499a110247d49931a82f3e47946cf64581ff8f06fff1bee7ae051eebdff6ec0cf83c65b807f00f480f77d7d26fc8d39d637c1bb0868eb3d0b8b0bb4768af3026b3dc35453ed077677aee0ac474b8340d12f16e90f064801799afc57aeaa7ea1f6fece6162f0dec76ba7ae62dc50396dd3220908dd654642a1b48c39bab37829102641b40d41c43b540881900a8424f8f835d21b840f041f4f94900ee14584260848a9f0c1a1b4c6398192a00204eff1ae45694d9a24286d48b31e45da63713864693c636b5682d2ec4ea6344da0b41e17043bd329a931c8594049c54ca7acae2c902429972f5ce0c3bffbefb8edceff91413fc5dfc87def077e09d0047e53cc034697fa7eddedf54d3e04b2e82d321c0ca8cb0aa30d452f47044be56b76b7b64874825692c585212bcbab24698694e147fa45fe0b5539b9d3b72d21047c5ba3b30c6b6b7c5da2a4c4b60dae7b4320904ac7072f2542c878354945ac1445874178840848413c3121d603524984d20421411a04b16ad7dac4efd7bd8c49d02a4529834a0b944ad1498a4a7bf487cb2c2c2cb176748da3c70eb3b43a2404b0adc548cd5291b1d2cb28128310b03d1ae36caccc77f6f7d9dbdb8dc0ea7091273ef2873cfbe52749146804460892f8ba3311e21712297ec4088116020d18193f37f2c64bcbf8efe62f2d04526943aa1c93f136fd7e9f2c2d68826777779bd178820b1ead0dc6e4e48305522dff32ceff7d5bd777e29af84d8d01d792a4194a822ba738dba294c223b0015c0c1e78a122c02600a1bb98a2904ac52bcc39bcf7046f0fe285901aa1e24b6a15013fa5625229244a2a943620155e48844e10d220a54267392ac9498a01496f48da5b202d0a8a85026504bbb319e3aa21c972560f2d727265855b561739321ce0bd677d7b17671dae6db9b6719ddd9d6dd22ca399ccf8a30fbe9fb201ad40c61c63feba13c9df47f297bbc38e88073a16a0dd8693dcf8f3f94b0f87436c3ba19ad52c2f2d90a69ad16ec568778b723a822048b462697185e1a078735d973fdfd2de2fbdc0647d4490283cb48e3c4951a126d415a12a11598e4a3ca16de3bb56dd6258815009d8b25b108df7b1f780d210628409f87855c908b50b0582ae5217117627f8ee5650487d03ca0822d62c9804a19388d27a4b3001556b7c65d99b36ec950e2b128a42d30b092bab055902b3bae4dcf96b3c7df11a9bfb7b1c595c6652cdd8dadee688d6f47b39e7bef859ce3dfd346f7add03b4e2eb0abfc0fd017e3e087610fc5997e57625a0f8a6579710a01393b03fda83a048d38c593561b437a2a9678c46fb2ce48bf412432fcb6ef5b6feb9c6d66fe9e7197b2260f284142812434a46a240552da12cf1e311a2e8c5b8a0342198f8c05d200845c02185240441f0b68b7e126420b80e84f3e0c58d7431467fd5fd481e4d82702ec69bee6128a5f0dec745919ae0e2490d42c598e52c8d6d79e5fa0e4fbdb2cb6e19d0c6902bcf83b7decebdb71c22d892cd9d314bb921b896a72e6e32cc7394549455cd686f8f858521d7d7aff0d10f7d8037bcee81ae9e786d8026f01681f8b910c2df0988570f10dff0ad3a8ba08f1c394c35bdcce1b563282dd8d9d92778c7c5579f473a433fcf484c1089567fabad9b770501bd44139a92615e60da1979969291a2bc274d3394345d31e7400a6412d35ae71d522a8213c82010a20bde2100ee06961d425c2c098258cf781f1042c75d160441a888df49118b2d1f10322e8a441064ccf53d127cc4bd42f04c2725cfbc749e275fbecab86ac90cdcb6bcc89beebd93e3470678a02c0790143ca00c01c176e5d999cc38b1bc4459b74c2613168b825e96f2a93ff923feea7ff3539c3ab646eb6eceace6f83aef027109f85bf375fa664dc5f91fc92285d6799409285aae6f6e638463ebfa558eac1da5d7ef334893f728637eb6b7308839b9083867318926d50a612d5a38b4f208d9129445250aef5a826fc135045b750d1c0bde76d0748857c9fc741062805632167fdce83f4b290e624f0811c09e175ddefb9837749bc0fbb6fbbfbac24c047cb034b319172e5ee6e5cb9b78eb5848e0c153abbcf3f56738757cc068b2cbfae6269b7b632e6f8d595b3bcec3f79ce54d779dc208416d5b8c528caa19555dd1cb33ae9d7f89273ffb7900da10bb96dfe4f5b336f8f7d8e0bff1ef7cf7ea7eafc7fbbb082fa96613c6e5943c5fa06cae814f3874e810c361ef1de3abafbc47598b6d1d420a4c2ac98c6636da6569b18f5201153c4a80f30e115a82ada0ad70b5c23b8b490dc296200d08227c6e1b8414042f9028ba4c16bc23b8a6cbcc54d738009cbdb9938df7110c9c431228d9dd0782601d4178845604db12ea29dbdb7b6c6ded2182656560585c5be58e632bf45345db96ecee8df8dcd72e7379639f69e5b8656d99476f3fc5b73d78372f5fdde4b92b9b1c5f5a44a09894252b262101ce3df905beef87be1fef7c77826faa354277f722de037c95103e71b0f9be49a5a2eba602e7100246554dafbfccd7cebdc2f2ca31969717072a943fb9db3667bd6ba8c7bb043c7e5a32e865282d5146137c834620bd438b9884bba6c2b715288952bdf816da06a1032278f00e19babe9ad2316e88d075d00428152b72ef08800f1e2565fcdcfb2e307abc0f28c98d98d35d7907b09e6bf1ae6556d64ca653bc6f58ee27ac2d0f39b4d0a3971bbcb75cbeb2ce073f738e8f7df50a4a6654b6e5e9572f5355158fdc752b3ffc971ee65ffcc127a9db8654692665c930cbe9a705cf3df5143bdb13fa450fefed6beea3b83f0204ce22f84982f812c28e6f5c52ddafa12b90b59211612550b7d0efe794e39a857ececa91a33fd14c473f9aa4052631d44d8bf4019a865427f48a14671da299a0f09180203cd6b6386ba169c03648d7e2bb2a38b816ba7e787cf421e6854ac7f456c4ab484a75a391d3911e622b34664bdeb6ddbeea5265eb083e6e2c42200862ed12024ddb30ab5a6aeb314a72f6d4096e3b7e88619120bce3e2f98bbcef634ff29967d7e9a709678e0c79ebdda7995acf675fbcc2e5cd5d5e7fcfedbcfbdb1e45b986d2b6482199943324826b17cef3d2d79e0529b0cee1bcc7398f730eef639bc03987b3ee479db73fe19cc57b1fffeee0d716ef2d5204874934046881b629b1ce9216bd8707bdf4c7c7a33df2b4a048529c6d488c26931e1124a19e616d890c0d2695b8b6228416240805adadf03e2e4a8c23161140a858ad0721f042c614552ac4416dd1edf2e0e3a2f8eed7e0e242f8589dc7c58b4da2e07d773062376f7ea5851090c163ab12e91d779c3cccd1437d8c89eff1fab54d9e78e60a1b6dc17df73e4abbbf8d6dc6b4fb9738bb3a44e1d8194d198d6a7ee8ad0ff3733ff4364e2ee56c4c464c9b86da399a6aca950b17a9ab08825adbe0428b0f16e7db48590addcbdb1ff7de3fec9ce3352fef70c1a25be7c9b394ab97cfb3345862ebfa253295b3bcbaf4ee9d8df30f344dcb429e23b546d91ae172900e253d788f9f95a8bec175b5447020bd07db22b21c1924ceb648257108d02666544274e96a072d78819c57f1eec6dd1a1f72471ce8d25921bbb3e102b243569590041f408983d43774d797089e3c111c5fed93f7728414b860a8a7fb3c77718b8bd3c099871fe5fe47dec4ca027cf9dcb3dc75ea16863bfb2034b70c33fa8524eb257ccf3bdfc83df79ce16ffff3dfe1d52bdbac2d2e21ca315bebebecededb3b0d08b69b78f206aec16dec444810710bc9bc097bf19a225bd75b8b6613ab1f412cdeede3e83e1d2b71d5e3bf6ee4b2fbd805106e13c5a02be89e96b5d9367298d7324a9224f142a38940cf840ec7b1062dc70ee800518006f9b588bb880e82a6c21227a1b7ce8f84fa2ebe984983efb10ffcec75acf7b6200edb852cc591f5dd6362fb2a414482951da50f4fb1445ac25020ae92d57d6b79834863b6e3dc3f77fef3b79c7ebefe2dbdff9fddc7fc7698edef5306ba76fe5f8da903b6e3dc4a1958cbc67287a050f3c7007ffe2e7ff3ab71c5b607b7f840cb0777d9d9d8d4deab2c6fb7845d9d6e25d2462586b0f4e8377feddc1f96ff3d64514a07b59eb90ae69a9ab1a2925a3d91ea1815e6ff0235e4ed6363736912641278a101cb6ad69da12695b32138ba6f1641a915ae7d1522094c44b81751ee75af02db1c1e76280f5e1a05a85aea093117b882434192116e2c2783fafc40507bd9f20bac58b750e52de680cf9189994d68027605126212d72d22c436a8d0f50eeed339906b4963c7aef039c5c893bfdbe07eee7fb7ef0c799ed4d51ade5c42da719acae20d3042962516a03dc73f614fff86fff75168639b3daf1caf35f61361a331e4d084ee05d97e1b71edf7a820d072fdf8635df861ff13636e6e63126588fd44a707d631da10c3b9bebc8e01fcfb3ec879f3df7245ea448494709b2d8b2a2194d9140eb1dadb578d7e2715d5097a4c674d5f8fcdfb504e709d6757586006f0932167391ef27baf02ce3f5e443cc14838f58185dac51bacb7e6bbc8f358eb74d8c194a74f85857d50b8154916528b48c0d3321b06d4b686b269309595a70eaf4694edd790b691b217795a41c3db1c6eaca02779fb99337bfee611ebcef5e7a8bcb289dc7344408cabae5f58fdec3fff437ff2bb25470edc2455e7de1ab48a1706d87467b119b55de830b1176f0822e3ff96142783c74b7052e3e0f2db460676fcceaea31ae5dda47e9ec5d32b14bebe75f4119857516474e63034ab458579369c1ee2ce6fcc1350821d0c1a38d464a851212df385a6331491a1f54d7cbf43e2013c39ce324444c574350081d0971de07100a17024e09702db629717585b76dc4c694428908402aa99126e9c0baf97f466c7ccd2f69ad08ada4ae6a9aaac2b69e3cf12c6639856d090db44232bef20cd79e7f81078ead72faf471960f2d23291154f8b2ecaed7f84dabaae6fbbfed2d6c6eecf03b1f7992979e799abff41ddfd7210de22636893ae006c7d500845c12817785103e7e3334a4ebd9946a56329bec5095f5fdab47967fa02cf7d9dcd862d85f24380b4120b4a66e27c8d290a70b8450329b4e40389454a4992178812340a248b314a135168d0c022d254229a4d6046d62f623556ce72a1377785de2bdc2eb1cef1bacf534d59472b4c36c3ca19a4ef078daa621cf721673439e194c922043400b45d01a9526b148140e653a6284adb16544189aaac65b8f112978c5fef3cfd226f1f4a548ee3b7d8ade6241bfc891ed0c6727e03c52c57e8e081ee70541055adbf0637fe57bd8b73dd6c79ebded4d4e9cba3542468203ac2108901d2231c7e764903f00e137409c3b2039ecef6c53148bec6e5da1adabefc9943875fee5e7d8da9bb03c5c8e1992ce09bea1691c89ae506205eb2db5b524129417a4591e77bc34901588d4604c0a4ae285c47bd9b56a25c207bc90200c42198294e01c4e4abcd1d8baa1dedf63677393ddbd5dcaaa623c99105ca404a552214383d550775754aa52bcec9a565211ba562da245e011c121a5431b8db58ea002623a65f7cab3ecf696593d799c3c4fc8124d2e1cbadac355dbb4329e2e692442a5f1442b8592094eaaae9b98f2eeef7f3bbff9f1e7d9dedae2d41d7722a063cdc76cd17fe31941c229e07b8073f3febbde1ded93662b6cecef9b54abef0ecd84a7bef224599ae37034b6451b83b735c27bd22cc1188d73b15aee25021f9a180904e82445a804a1342883d20932c90949469026d22f556c32911548a9f1b6c6e1a96625cd6497d9fe0ed7d7d779e9fc45c6e3298916244a91669a42a51446d24f43c77684d67ba477186d903a8da8b24e094a208206d12255206d7be4a5655af470c272f9c26596d6ee64e9d449849da22991d663f72cc1486c91a07a7d84d2e834d66abe758820e3630db1a7ef7de0d052ce77bff9415e6a2276a20e7425070fff9b7e0e7c37f08f25b42236b312822b69caf2f1417ff9f1d9648babd7b7591d2ed35a8bea76b0121e0bd8c6a245178285a4972628203522d230854013304aa38d0195c41e87523821e2ae950691e6a0129c846a5a31dbdd66ba7d9d9dcbe739bf7e9dadad3df6aa2909b1b995f612960705c34cb354a4b1b0c3e25c409bae87e23c52c48d20744ad01a21432c56438e1ca4f45b4f6b1b4cd2b072f676160687916182f78eda96583c2249c8fb434813844e515a622d680932315d17d49098229e7a3c38cf99c3297539a06e5ad22ceb404ff19f16f3c0e3021e073e12b9bdfd011bd7ce331bedbe63657195ad8deb7817a16bd75a84ce0187ab6ba6a563b1c8704d0dc1d1b60dfba5432619461abc12680d3a5844473e9689419984a0344a2778145225782169cb92e9de2ef56c423bde65f3da555e78f122a359495d96d493314b8b0bac2cf7591a24a4ca6314946d8334592cf09c85b689d0bc4c50ccaf2c8dd0296813c14e5f833224870c8b4a22772c18c56456e36bd05a23d33e4996910f7ae84cc74e1f808d3a942005c17b64d716145275a43dd1f5fe6b4ea625231f9052805007a836ffe97579c7c1827807753913ad176f2b527866f35acc6e9ca36a1a161732080ea314a9311825102102685b3b9b0cc5024609acb5a88873e08347581bc3998b18939406e9428c29de53edefb0b7b54bb53f02575395632e5dbc42db36b44d49263db79d3ec6eaf2009942aa3d4ddd20f0bc747593fbef384d0881ba6911ad20c52052303e80b50867114916af46692024115d3605699631d4096c6fa11381977947231268256eb46385c74b81d212ad62ff464ad5414349bc1a91f16bbbfa67c808275a821068e9f141dca8a16ec6755f2b9f7adb1c82d4d3d92e5555bd8110dee2db928dcd1d9cf70829685a4bd61fd054135ad9c3b6122d7b88e0515a33ae6a7a69cecaa0e88aba70b05ba5eeae116f91d6a23c20234e554ea64c2713c6dbbbd4d37d9a6646559668a9e96509b7ad1d6375a98f5182aa6dd91e6db3574e7975fd3a655573eed29843fd8cb543cbd4ed7c37662891602c48ebf04d834cfd0de0928ca01abc8b54d2ecc81954be4cb37f253e1d9de07d5798cef9621db4cf7cc74b8552091e90d274e40cd975312d78876ec60ceaabb4fad00173f166414ef71dbf9e1ef416086f003ea7c7fbbb6c6f5e7e6c68865c5abfc8d6ee2e40dcf152426869aa196d922264467016210575dba0a56665a14f3227b7cd59c64ac7eea073378041eb0906ea69c9eec626e3dd6da6933102a8ea86344d39797c8da5fe2de41ada7acad6ce98d178974ffff9d3bcbc3e62260ce3b2a19f267cf873cf71cbea02779d3acee21208ef6830481113092d62834cd9ae9f0f0893c687e75b825098a513a86c80dbbb48702dc2c436b350e620fc1e0874e83a9648a48c8c301100a5236aad0d044b5012bdbf8e3d7207322d6ea0ebff595696784cc0e7f4787783727fefd1e3a757b870e11a75151b43ae233357e33d7412b306ed0c55158ba3542b06598e5281344970dee391042511c2e3a5468480ea003ee71cad2bd9dbde61677b8b6a3aeda8409aa3478e311814e88e44d74ef798ececd0d463deffa79f65a3e971e7c3efe0d31ffb30ebeb9738bab240ce61729332d8b88694824224f86409952fe082c20b818ae019c1b64805010326056f40b6f8668ae82da0cc6df89d4b8466d63d4043770c1007a723524744d75ac6dbb86002848da97550065440b553ccde06f6c86944782d017bde790f5fa70615f0680802bd3f1d9199ec21ef6ab6f7f6a9ac43cb289ee9e539d6c68c61b1d767677b44e903fd5e0fc33693d90489224d0ba6b31132c94832031de74a0a8190e0830067635db13f220481d10959afc7cae1c30c979670cd94b62ea3c8d2c3d5abebbcffa39f66470cf9c1ffd7df401d39ce97befc154e243d8409ec6d6df0fcfe14393bc291b5354c6850ed98b6e9d116190685f401e11cd27982f408ef09a858fb281d1b63d504610af4f249fc680b57ef81ab001d41e98e541117a80334858881bd6d10211094ba81cf498d901639ba8e583b1da1a29b3485df78420e3e7b48888076557d76613878c0b60db3bac57a4f2fc9f0ce92a509de79b23463906826e37dd65656484d42632d755db1ba38c4ca7807479a8f441b834220134d100a153c4dedd9ded943484151f43169ca706599ac3fecaa6907b6a61aefb277e515fef48b9fe7c22ce3affe8d9fe6eceb1f452503defadddfcba52fff2957762c6b3dc7f6abebec5dc979f185ab0cdeb0cc42e2c1b7381f70d2443eee0dfa60d7c012e055bc6ad2223e8f6a46301231904863a01c13bc8d38948d726b2165d7d50b081b0889eec87d2e2e4a08202da0224373b68dab4b42967fc37d753357e035b03c9c95b26dcf14c688abd7af319d4c91028c5208141a09ae6671a1c0e86ec78b80b39e69d96064c2d2c280101cde18b451e8c42085c47a17f5732ad23cb736b7515231cc32fa83014b87d7487b7d9456dd55a0a9c7239a9d2bfcdec73ec5c79edbe1affef4cff2c01bdec0b0d0f4fd1edffe1defa458be8dfb6e3d4e534e3975dbaddcf3d8232cacad61bd6456fb8814445550c76a1104cf419d1cdc1cbff7f1ba303921ed814ac164886219313c8a2c968196d08ea19ee1ab09a1a9f0ce12da1aea0ae189bd9bba46d836922c3a461976862cc7a03a82f8fcc54d94d9ae46e93e174288335a097f5ba202ebd7afd27a17757e328292a16dd046324c53a46d7041902606291c6555519735459ac753117c14d578893049c472501004ad73585bb332e81194a2b7b488495364a7a895b6c5d7137439e2939fff327ff09557f8aebff26e1e7af35bc9fb39da4e91aee15026f8e19f7a0f7ffea1dfa35fcd78f8debb59ed4b8cb0983423a82ca20352444a5027ca141d7530844ef83f6fac381faf14952072456813445b81a921cdc10cf0a36dfcf6c50818663d90b1b9269c8da069e858336aaeb87504db209c877a8c106bddd7758755be5657f89a7458709bd6229cde9b8c289b16d7017ed67b92d4108463797119db3a64ee68ad63a95720bda76a2ab222a1bf388c5077886c74a5746cc71a85d00aa134d56c4c9ee5e4fd1c99f7c97a3952e90e6eb7f87646bd7b8dcdf35fe3b3cf5f225938ce5bdffe367225222a200d4ea434d594e6f20bdcb694b1fc8e37736c98e3cb1d66538775a05124469118830c11cc0b1d6ccf9c3624214801a8d8cc1211f444685009c11844196f068c402e1d23a419cdab4f23aa0a910e505a7785a0854413a446f839b7ac13df048f68a61d85e9c6831737655ce21bad1c4e6befda1397b7b7b165842122354d92a50999512cf6fa081ab274013c0c1383348ab2a959ecf5181429d5748a540a6d1284d6f1872666242e809092c1f212520b4456e083402290dee3ad45b425d38d4b7ce4c9e77965b7e6a147dec6eaa123482570d58cfaea454697d7d9bb7e856a678bd595054e1c5e23090db59524bd212a49498b026d1264f00817ab6b29ba9deb052840c776b110d18880d08586aea61052205a4770be03252d21ed638e9c62f2d25318eb093a4566298180520908dfc13386f89f74640c5b7784931bd2e7f07532e8af43564ee82c498f8e2793c81bf431214bd284542af234c5b99a41de430868ea92dc6844f0d455cdd260152dc1b796b49f77e95ba4f0c42e5e6cb1a6bd1e3acb0e086f52c92ef970b1d7b1b7c9e5579ee3c58d3d1a07b7df7107e5de16eb975fc64d4b320f2631acadacb27cebad0cfa06dc183b2d49f33e3233c82c43e53dd23c8bc0869873b72c0a75c09c17731d4a083798f881030e313221c808b3e06cd447d6334cd1472dac30bdb24e31584477240bc714611542459904a4f3a67f4c8dc56b15d2ff1968eba8aeda7a7532ad98ba96e01d893608a929f284b66d48b4a297f55026a5092d2e78eaa6a5b68edb4e1c8bcc4fadd14912292dcac72d2715521ba4d2e82283d676b98e8d81d1798473846acc6cf3222f5ebecefad68444c0e5cf7d9cc59d4dee78e8110e1f39ca6090635241a23da29ae29b29c1b5b15ace32b4c9105aa18bbc4b48e627c0c6ce9d53a0dad88d5432d60c12d049f7563b0844cc33a02ee8b70d3425c1b620203f7498f1e58b8c77b6c86c4bda1b228d4167290205c176d7a23e9046ffdffc58d5d7b73616db20b0dea24424051825184f46883c4124112ab04d830a92e5c19099f7544dc3f1c53eb66ac8b38ce01c32490e4e0752e18948ecbc071080a00c4a49685a7c3323ec5d65fbea25b6c75342d5f0d899bb79f09e7b39fbe0231cbff50899f6182d10cd0c3bdb27d806155a821488b4875729cae878656629baa317c586764785742dc1765712f17d491fe94591942de34921c4871f7c8c21cd24d6294d45c80ba4ce30833ee5ee1e6eb48d770d6931001cd26728156147a1bbef29d401f15afc67d0c5ee6351cf66b381eddebc54122d201130ae2a96867d1aefb00142f01469425668cad6e2856438e8618343cba8358bf9b8409a1494ea30a6e84ba28cc13a07dee21a8bf420da9ab61a31292bdadaf1b6071fe6cd6ffb76d64e1f264d1549a8e2f76e6aa8a7dd8fe4630f3ec9d12a8d723621224d49a9eeee8fd206a988c13b38b02dd274b284b967950e086fa189d77f00443585720ce5085fcdc0466e32de403523cf874891504f474ca723acb5a4b641670d499601910c2108f18a9cd7e7e13f7b5d010c74dbdab46d5c47300b2825997547b4691bf6c6632abb0c5d8628bca3aa6a248234e97a1c4ac5fcc23b647068e741c71a24048712ba93b5890372759081c871f3b8ca71ffdd8f72c723af67f1d00ae9621f8524d809a2633f3ad7448e6e080853207582ee94be51411559261247702ed6206eae79171d694ee0758ad0268a48b58eb5435d216415afaae90e61ba0f75d3c51b11fb2adee1aae8f02072439a2e51ce12aae90c371e91b635c1f630590f2324323384e0ba80fe173e21a97621505b1b35d9daa0b5627f36a3d009fbd3296b4b034adb322e2dc27b94d45cdfdd41054f916ab450b10b2823e8164f453810cb1320a84804bdc18aa6930e344c266306476fe7d49d0fb0786889e02c124f98cb13823b00fa9c0bc8b4406745575b74e40029115e207c9739c9d011b305484bf06dec918814a153449a221213df8caba171112e69c6b4fbdb08276296a424213884d638d7129a194a0b241ae71cf9a0874953a67b637677b6c88a29c395d5d84b115155167bb7e22f1c447408a276cee5084196c4235dd61615140e8b739ecb5b23ac8b3f78132cfbd39a5426f492b8738475e854233bb434164bf1e108256291a46e2c84081eca3daaed2d92de518e9d3e46da1f208203e1912e8a4043e88872c1c7664f3e40262961ae51d42666760124362e42883a11d99df860eb48e1d43d84f14857431b9b5842760254e16336d5542469ce647f8c0f9e5ed6eb7a2b013fdd8a54595cac5b9488aa3a29e92d477cedeaa5cb78ef494d82ca126433a36d2daa6bfffe053e6a5db56e1c20170884124ccb1aeb2cb58bd4cf6bdba3285516062105d3ba616f56322c7284b7b8a641e958886103b2935047d94c7c58788b941aa42034650ca632253d7492cc648834433a8b0a02ef22cd46e2e315a36484608cc648d53584f481ee90e091d88eb42d102232eb2385b289fd7a6b2135c854225d243b504e095a216c4d08355234d4cd2e9ff9f04779e18bcf72effd0ff0d83b1f273511cbc23704220f0d99a04c747a308924ed270c0f9da0b7b8c6ab5f7d9a7e6f01335c443463684a4436e02f68cf38d6655ded4929d61082dc246cec8da232d539ea36b03b99a11464d9024238a665cdd59d7d7a69066d8b4bfd81a643747035c2a2a2582412024c7c70428a6897a753700d5a6848d288038910c5901deb3d74a2d1d847edacf54297522a85907a0e19223bad9408d1c68310bb94a129bbecacc42f0c305589b22d217308ad628fa6ad90b662b6f1321ffaf7bfcdce8531f7dd76967b1e78002d3ca1a9f1a28c5092d01db2ab915ea24c06260165084233583bccf2f1e3eced6db374cb49b035cc46301cfc456fac3d5d5bbb25823c93a868d032a92a72a569aca7f5965955b32b604164f432c5ee78caf674ca891387914a4466a2b50493208223b40d1215037c924440b46de2434cf3d80422c41ebb4a6266a6a3cc39b816197ccc8a101db902948f0c4674124f818c712bf8d0b1df438c35ce46b663db2502f50c5f8eb06589d363941738a5906d4ec812100ed1d684e9165ffcbd0fd163917bbef331d6d60e530c12ec6493a61e11fcac6bd77a4248502a405004242a6844afc0b65326db1b0c1616d81defd25633d2de00a63b387f1cc96bed35beb9a540d8d2de87ab4ac052bfc7f67882f7012b622fd87ac7b8ae515ad3b31e9c646b326554d6f4724de35a52a762f0722d6889b70d121d09d3a26b610a811249bcd65a1f5987fa06014076c69052aa2edbebdaae7344d47b34e200938a455c4088f9a970317d0d91ef2b438bb735d235b4d50cdf34b8a6c4491de578be45bb04e11bb03346ebafd05b38cec97b4e91f653923cc18b1a3bdba52c67381f35281a28f284241b22d3c334e319be9921a63376ab1d26bb1b0c8605a6c868eb9244809a6c44ea50aa2275567ceb9e2188ab5a497559484992485ed91aa3a5a4f5a103c404b575d4cee182274d52f66735de098a4450ce4a12ad22d7d6ea08262263db56c88ed3ea90c6203b8455aa84306ffa08157522ceded4f58fbc2d2115121351d48eb92ca48cf1bd4be4820808eff06d0dd6c602d03751feec231b05dbe2e6d07870d4d53ecdf62689b0b87a4a399b329b552c1e3f426f79019580a0c6ba192d8ea6056f052264f40605b249b021436a49b53f627f7f93cf9d7b8af5bd0dbef73b1e431b89ec17519a1140547bb8728a4a8707f23bbe750d7f590b38dfcf323c50350d4645a9726451049c8d5451a9a365d2fe648a12d185c78a40631bb44d22bcec3d481915b3d2239d0723913ee0b1b130131221c38d633baf983a0983179d51c08188a78b39de218243885867046fe355e95a84737817c5a4b29334e02cce36315d9511767726c3f496d1fd866a7f44532a6cdaa758cac8873d646a90c24213d9eade4ba44a48928c3c2b909396d625205a464f7d9a0bdbd7f9ffbcff2324381ebbff3869a2c8fa439aaac40b41681d523630db252c0e63d61f5e2b3ffcba8ff35a28f9ca423fe7eaee3e2108ac0f18116104dfedc24469b49094d5947da5c812839101d7b458ad0939386f91de20b104228645f004eff042747851d405caa0bef12e8d1a67a4901dbd746ec3a13a6b26116d35c29c3d6ea3cccdb92eab729daa3ad6209153efe3b526a24644a739324d287a39bdd5b5ee5af4785b415be342036d4d900a27246912e80d02b271f8aaa16a05420b9af51749b5e2cc9bdf4cff639fe1680b0fdf7e1bfd7e0fa105262f2262ec1dca3788e92e219c7a0d63f15b9426afe87e9abea00961637f2c02e04240cb7050c815694a51145817db9f8df3ac0c73a4e85c4171b8a6c11a87540e69c0d926b642953cc072e65d3b8d8cca272d09c1769998bfb14022b681639f4277c21f19eb9139a1498a031435781bab7fd955e6c17d5d07c823d168a331494c06844a906972437ead034143a83c2409215b463733d8d9c45edf66b43bc37a8f2c725213e89d3a437ef67674afe2bffb7b3fc1a7fed96f916509e96080908a244d70e52cfe7cc144373d1b508678037c6bf7c517f462bf786e673c793af5fec1a112945ed074a05bcf185263bac20b0e2d0ed89c36ac0d339c73944d45af5658d9a24d433009214d6eb83e0b15712c1f103e9a92e16cac80adeb1818b199333f3d21d8c88a1702da36b23a6e88f0e315e72361c13b8be82cc6a32e3172a38277dd4276b220ad3a0fae58c5cba48b7752c6d3a74da72d89dc603d1e519fbfca6c7387a6b554366ea8852221bbe3144c27886387689a4dee79e875346f7c99202c424496a6d2069164512d9666a8668ab5168cf9564ee4004f03cfe9a53ca53fdbfcca03a7961f5ce917489370b99cb03585ac28620f64d8c3c8403f555c1d05167b4997d140dd388c7118efb0de213b22816d1a8c88cd2a91758a5ad712bcbcd1f72674bd6d1f21d2032824b642a3e853124454ea8a8e70169c8da9b1087101420cd8c2b9a8ac3ae85947e825ae631bd36f9d8110381f155f91a5ac103a8d84eabd4daa175e66b633a2d51a5bd76422902d6514f79f469f3841b9fe1275dda07aa7b07bcf70ecf451663b33bc8f6c7e191432eb619b269e6c5b46864a6e0e82c85c1b196e344bbe02a08fa470e6febbbe74746dedafa10c49129dd6f6ea1a5b57a824e113afecb15a048a44926a45221cadf358efb0ded2da06672ddeb9c87dd5d1cc32d826ee4217a56bc109683b537ba5e72e0137b130baa6b3f3203aa272672e73d08b16a14b79e782d1a8b28d8569f7859683cc2c5aca7616e13226084e44dccdcf17bfe361c99d2d66cf7e8d726f865391bc901686442acca125dca1553005c96dafa7dc5e4749c5fe2b2fd14e4a8a850542e3112a899a7aa523839580b025c1969db7d9b724cb7dc903fafee347b9f5c8ea170799c4642966e518132be86daf936bc3cc59eae73779f8d65bf8c2cb57b8656d114dcb6834a29718867986752d753d23cb735cdb46e8434240c707d334904abcf4a810c07982a2331008070f564849101edfa1ac74c21ec15c53e80f4e26c1751d39d95d3da17bf82ec6961003bd252e8427728a09fea02d8088274320717bd7289ffb1ae5b8a49cede0265306f7dd4576e72d08eba8f7b7d121c1b50ee55beab662e70fdf4736b6f4968f4591a90b089d237c4d1071d30902323884b3f05aab801b0efcf1e38b12d0b71d59035f7fbe6c79a296e22d4b5ab2b672849736aff2ea850ba4fd0594f4a44a707967c40f3e7296855e603ab3b44d4355b7282968da8aa629d1268a6522c4e0a336b0eb0e6a25f16d8bf2b1da0ee226b66b88ae0b88088b742b7a832ae3434480bdef542f1df1cd770a4531f73689400abe53bf7a89c080d078a20548f02e828b74d6835bd7993d738ed9fe1ef5e63a617b8bfcc869cc3d77931c3984d2197e7b9d7a3643ba40bdfb02eea55749d72dbd3b4ee3db29be9a91a824fe5ca18b8eb233650801695bfe133dc42780cf03e8415eb0bbdf847232fb94c9abb798e22acd78c4e8fa75d6cf5f62bfbf4faae1dae61e3d9371c7d1255a57a3658d0cd0b48ea25078a06d6bda467558534454d10aa924be6d70dea312830f44b0514766cabcff1c8802cd03f8bed3e985ee4a0ac14774b983e443b841ce9cab77e7a9b6089ea6ada9ad4413a94172ae1717821024ce5bc2fa65aa975f6472ed12f5fe887c6d85c17d8fd0b635240342b2806d4a646f9166fd69aa9d2dd4a54d96ec80ecae07714381dd72042c26efc5cd140cde767091ea7861a1bd61e3176e064e0241f0a96e3ba195501479c1f59deb9f2867e1efba20b0d2b1b7b38b51299326aa975ede1c71e7b15532250841312c52944a686a4bdd34a4e9001f04adf5c8a689be24f3a0ea0d42697cdb2208a8ceb194cedf04ad3a8824ca170ed25b6163ae244434927116ac8d0f1c7fa3ea0d9d3d53888e40511f5f332d67342ec524394289583cb60d5aa70851d16e6eb3f7cc53d8f5cbd4a319c3bbeea5ff9d6fc30ffa84d188aa9ca22df8b6a5de7c95ea9567492e5996974fa28eae126811bb35a2f1a426450d23aa2ba5468836ca3284eee8a8e13f85c07f62eedaa4cbd93e4ae748293ebe3f9d7edc4fb3c745a2086d4b7f58e04a0895e5c274c69befbf93bcbfc8ceb58b0cfb7d1686cb546dcd7852d15a4f103a0a719c47598b500ae7dcc12ed6691edbdcae892721748c3ceb3b86a1eb1cabd3d864f23e422bddb51682ebcccee6a7a0eb7988281d885755ace0dbca329b3af4a0c0a4294204bc008944cca654d7d6d97de1551081fccebbe84b813039aebf804a7392958266eb1aa3ab174966bb84af3dcbe1c902e6f0109b295a3b454cca58a0068f3e32843c4510eba2987f746409991c8ca5f82619efc7bb576c50559329220de483a5763419fd5159558fab9053e405d9a155769f5d87f10417528ac6d23433d22ca1f5019365a4c321d24c68aa86da36983c23c8e8e6a09c8dca581510cee2aa1932c9e20fa11a4492766f3a323d42f0f1c1b6b653afe80303f5e0a3f1405c5a7f605a86b5dda275a2190fc135ecedec214dc160650d95ab4e821d31b5bd175e60eff99731a660f90d0f60eebd9b201aea0bcf516e5ea377eb59eadd0dec95f3944fbdc8eaf0283d731275a28f9d6c63c7bbb10359d6181c7a31452e984e3e37afabe6bd2f8757408859a10cafd5ea04c41f11983be9a0bdd494a36db2fe1a799a7d787b56fe7486397562ed08bb4ad3d415e574c27df7dec1dae1635cbbfc2a3a51e43d499a17985e0f93664cf6f769db96d6b90e34f4281f686d1bf9c25dff3bb836aa72ad43c89a20229d472813cd0264c4c1e6f04798c713e72256165cbcb64234ca9cd72ea1b588d612424b339b524e1d8bb79f46250adb44828398ee72f599af32ae1cd9c9a3d4fb63b6eb3147d302217b24a7eee7f2673f497a6dc4a23164fb3dfa77be0def6b9ad91e626704f5185f5578e790c1a21752f491058454f8a6eaf0527f904f79eb08b2c5866835a25f7b3a2e001f0e37255b72b7ae217826e309c3955bcea990fe5e5bd56483212f6ceed33616b4e3ded50c6152a44829cbe8409a2429bdc12283e51516979648930cdb545196e6ba5a258468ab213c2ef88e6c60b1b6890e0fde136c43b035b46587d05abcb7b1d26d1a68db589b408c3b73fcaa532f05df9134944478cb787f8f7471059348dae988665a515ebec267fff8a3fcfbdffb63b6fb19d90377e3efbe9d57d6af72fee97354a309f5d636bd4a935cde21697b24cb8751b946d663aabd2dcaed6b547bfbf8e90c251bf2a343e4b1259c74f8b68ce69fcedee464d71917b615b21ec5d2e8b577d6ef21c23931df7480ea4b78f4f4693636af214c815249352d673f20d22cfff2e56d089677dc7992e345422352a414d4f50c64cae1b523e4833e3acfd1690f616b5c33c35af71afd6fb4529acbc4ba824ecace2efc86c03e9e0871a0b5105d051e3a8b26829b479303f3c2393f3704076d899fedb3b333a2bfba463bde666f7b87ddebd7f93fffe493fcde575e604f25bcfae28bf403f8cab2f5ca7936bffa32fdb2414e2c3db34c315824048b9f4d70d7af22f637a3eb5159a2fc8c642d471c2a10831ca702a16d62c6e7e7e48df813f8ae4f2044b4d5702bb7c66131f1b1ec02ef4570fe66c19b5adf1f73ebd232771c59e195cbe7f12a3ddfba70dbeefef8d197b6c7bceb8d0ff3865b0e31d9df666f126340d3b4545e63d28cd5c32ba43a4567052649f04d8d6b2d2e040212e7a3c10b44604da979baab3b675210898904e8ce3cf9a0829a8fab0b212ecebc06e940c3b818730b0b4f684bdaf10ee3f184a448d8dfdba6f58eaf3cfb2cbfff996718a439c78a012b22211b79fa13c991c12ac78e1e43c984c4e43186b906e56bc4741f51ed62ec04933bd4a2461deae1978a2e8675195f473097ca207512bba22ab69a99b357bcc3f58f217b3d64b494fdb7c0afce0d0ac3dc5a636a03fff4892ff1371f7f33f79db99d8b572e32adcaf75d9cd81f3441acddb2ba4a626a6468996ded50963541197c35e64b7ffe055e7ef68b2cf417b8f3fe873971f61e566e398dbe7695ddfd7d9aba461b45d54a1288cecda2c52881b760b2f4a6e17e21b2c83b9031ce608c0a57e13cde351d9ba553b532372aeb8ac3ae77a2d31c115a6c3b412512a5731eb9ff6e4eac9e42a77dd2b44fafbf844a7a68a1d04a92e639badf4766290a8b26a09384d0b7d00e916288c7e3a58bfcb0bae92afe681c804990268d098b521dd93c627a4a450e9af69e6aef1a76e5105ab231f7873f7078e886f0a885bc60d45a3ef9d2cb386f78f35d77b134d4af5edbdd3daae14d7d65585d5d05ef98eeefb2bfb3c5783c221381d36b39693366f3e557587ff165fa45caf289232426412b85b596aa9a629d4775130be63d1025d5c1439cd3c3858c66cb07f6f6221c70f6858fd422ef6ca7e69dd38a3ada91b7f1ae16911264ad8b344f9dd35f5ee6c889c3ac1c5965f9e47186c70f333c7198deea90feea32e9629f6c79801916a8418e1cf409b941a409a29741660e4ea1f32e5eb78941180326c3e403749a45f6e6fcbd4bd1d520913fa644a0b6500d8e53a4fad7805f9ba76207aed741a0a4f3786f69033cbfb9cb8bdbdb64d980074edfb279e7ead29bf6273b875b27585c3e449648b244b2b8d0e7e4ada7b9e5d6539c3cb2c6edb7dfc699071fa2bfb41aa93eb68c82cf34c507a8ab32ba427413d6a4e85ab4e286ad1ff30e6137595376420a31b7f9eb80c840c4a30e1a3c1d628b6be2041f19c73f08ef6203ca189431489323931c951548a3a3e05f2a485344912212053a3ac40419014bd171b6826da3fa188948327407d39bde0226ef474e33fe204e12e2dc94d859888a2aa13475d3b2e1874f2fad2cfea2205c7bede4d0183755de1195fb498a5692eba3299f7ae922e7b7c6d7d6560e65674e1ef9eeba9c52bbc0d193a73875df3d1cbff30c2a2d481656585c5d63e9c469b263a7308b4b283723ccf6f06d8d4491647d84548c27635adb623a0b27a34cd784ba219851ba93187770c9c17b9d17810785553818f0120733465bd9394d48866800809a3b0d2528952075824ab248ce46c6592573e73941c7e9f2c87984a68b5d21b6a6759ac558210ce43d641aad0f239616374a70ee20d910f38dd39135eab2e689e75ef9e553773df4c1548b1b18dccd0b922addc9a03d956de3d01501eba3319f79e9d5675ed91add7ae2d0ca7d2b45465596517ba815be9e2102a824eeb8e066846a8cb335a81499f423ea1be8262a68f647239c0d28a530893e20496b63ba1115e220468b83094efe40c51ab395e8e11bba9ebf08210a340f8ac50e11667efa04c2a48834432591e0166d05a3af973026ea5582ef54b5119e91de756c9a786d4a2111d6c7539c17e8bce840d1a623c174f6b7c183ab086ddd2d4ec7be918aaa6d7feb5fbfff03bf78fbfd6f6e8eac2ec41a2bbc9663ab0821d25cc29c861ad54d713607cd95bdfded3f7bf1c21b4bcbea1d870ed1378266b447686b52a9e80d0a8c11781bc14317043e08b429a2bcc137100469d603243bbb3b5817a9a75a48a488e0a39867599d725674cea20701fbc092fc869b8ee8b21c3a9a4ea49e46f13e521144c0e22314ae0b04323686a48c846b21112e0296733826b8ae0fe36dbc86e64602521050a8b488745654fc77ae8a0b29457c0fae22b46de711e9ba3e8d4626e973573637defbbfffce7f7c61f9c82ddcffc843ddcff1dac244cdb51bb26b950a29a29cb8230c2821cefb10c4b3d7ae7fef9317d7592cfadc79f410c38501456f4856a49d098cc7a323dbc67a4c9aa135a8b642b836ba5b2729b5b76cecec228444cba8da159d1384105d7ce9aeae78c7767d8b0e393d305e0cee86b0c6bbaef97823159e5bc546a66372c0620988f8bde8ea818e04c19c70c70def46318f75f351194906ba93ed09e2490a3e423a21c413651b42db74ef290e5496d22052f5decf7de5d9dffedd8f7c1a2d0c8f3dfe5d0cf2e4264d62678221bb422c7ad6770e3e447e6d84c90542f0451f58da2bcb373cf1d2799ebbba8dd129459e919a9422cfc98b1ca9537c50ccac60d8eb619204e31b84ada8672366a31189cea8da968ded2d74929016194ac56c4b691383a80f48d48d61bf73f0b753d5d2e916c54d36b30798d7bc4945440504ea46e0ef0a52a55437588c9be4679dd6bcab09a4321d7fd8c4e440c5f92491b214af28da9ad0d404dbc496b36df1cec567399fd720144ae95f11885ffa8ddf7e3f2f5dbe869bcd3879d73ddc79e71df1ffea1a9751cc2b6e041429443797231a5aba8e8fdbbddfe7815b40dc7d617b978f7ef56bfcd1979fe153cfbcc8975f7895cb1bdb08020bc500695296538d0c35bb3b57f9e4e7ff9ccf9f7b91abdb7b64896169a14f59565cdbdca2571464698652e94190934a1f481c8414374d34ebaeb610ba3e4ab8c1edeae08a70939893793fa6733d0d74d07817376ffede73319b0ce1009291261679c858c8d2753b0940534603ce724aa8a7d08d82154a47f3b2e009412284f980cafabff8c79ff9cceefbffe44fc9b29c2b57d7a9f637b9eb75df499a17b8201091508f325244489c8ecc3ce718846e908aef1058c45e205c1282b389d6b7d81098563597b77778eafc25fee4cbcff0bb9ffc2c9f79f655160e1fe24b4f3fcda7cf7d85fff1d7dfc727cfbd8ce9ae011f02459ab2bcb848d3545c5edfa09717f47b59d4914b158d90431c3f27badd2de4dc5256dcc849ec81a1e40db8c577469ac147eccda471dcb6d271f24e678c19baba47748cfa038e98d2489d75a29ea43b41f36bcc22da26e26cd5049cc3b7b33898c67948d28844780748ac304f6449f1de8b572f9dfb855fffdfb8ba5b72685830ae5baad13eab876f41f657b87c79832bd72a1ca08c94078b113aaf5cd5cddaa30bf0e2604c75b8146003c4fd4a88c3e1c08520aa6a5b17b8b4b9412d0d9f7d699ded163efea56719578ed63b160b83e966fd18a518f47ad4aee5fce5ab2c0c06a449ac4d50320667d1a9ade62ed1842ebdecb423c2472ffad04d25984fae092e6e22a9ba1812af1fa9e7a39122e74b1c2c4acc060ffe5c1b848e9d4dda2a12b29b0a5f4e08e518ea29bea9084d899f8b423bdeb1744d8c6daa38274dfadeafbef8c2c7fef9fb7e93ddbd299bfb0d89092cf673367676592c16698bb3fcc73ffc28172e5c60677f0b95e8a825f7811b0351e65757d71a15dd45ee6296f30221ec18a51f2484956fe47ac16c346369a1e0f8f1433cffd5e701d81c97cc1acb42a6e867095ac55982fd610f7ccbe5ab57c94c4291c55c3fca1ae633c9e7f3c84597c1b8880785a8a60d6d8bb0b129145e132f62cd2364a4a7728039e983da40744904ddf8bd0366a4b5b8bac495537c39c28db629372e335dbf40b3bb8d74362e521da74bc4214d6d6c3127f98b88f4bde5e6ab1ff8e4931fe5534fbdc4426fc0b46ed899b61c1ae4946dcb647f9b4c2eb03e5ae2ecfdf7f1971e3983ea25269ab5cc4df0e7beb4a2a365223aeaff41980278460ab1a394be3ff8b828730f0f80fee22a6ffb4b6f617773934bebeb5d052dd899d5cc2acb5a91d0cf33a4521829298a0c085cbbbe419264645934968cccc268cb3aef7d84b9f56a3761e0862feffc8e7791eba875e798ad0e52e9b8e9d40de6ea1cb340c6850be18068176c899bee23fa0b24b79ec11c3b41baba864a1346bbdb6c5fb848685aa207b7458680222093e245a192f75e7ef273ff61f4dc337cdb5b1ea1949ee7cf6fa094e2faa84429c972afe0faf6360bb246f597b8eba107b8f7ce63a822493a471a7f7065693167c646e1bf12aa134ede90920638a794da1070970fe1305d2219082c2d1fe6750f9de5d39ffa34894ed9994c0edcd936a733bc731c5be8210c242a214912f2dca082e7ead575ea2650f48a2831ee3a89becbebbd9b93ad7d17bcc341c51e7c24ca0933bf8e3a3aeadcf3646e8eeffd012332ccb95f214aa2830f78d76277b791cbc7c91f7a13aae8cd8998a4bd9cc52347701aae9cfb2af5788f76ba8b2d2778ebce8510de7bee89cffe87cd679ee2966327e91dbb8d57f77678f26b2f92260965d3b237a959eea7482529a7638e1f39c6bdaf7f2b831cb4d69ad25611630a60e78d205e3b0851cd0b37e6486ba06ddbf7a526993afccf7bcf5ba48c1d99a5632779fc6dafe7c31ffc1d6a11737f17c0065048be7c698b857ec1770c7a0cf29aaccdc94c427fd0274f0d3b5b1799d5536e3d752bc35e4e624c9c45a8d5c148ec839146b20bf87316e37cbc850fdd88bd390be246174574efdf7b47b05d022044a4a7b61657d7984327c91e7c239884d0d818836ce747af138edcf7182a2ff8c2877e9fac4c396cb2279a72f6cb9ffbe89f7ec85fdfe7e17bee26490b68c1983ed60506fd84c53c63bf9c70756fcaad8717d9d8d9637ff765925061641f9d1ac368368bf1228468a82f040a11090a22ca10fc4dc17dbe283e04acb71f4a4db253d5f5cf85c0bb006433e1d2b5eb6c8cc76cec56645a1342bc165beff016bef0ea0627d68e32cc0664a622310a936a4cafc7b15e8faded7d9e7beeab1c3e7c98636b47c89d8b86035d22a13a2607c175f6dfea006c0c5de625a5ec5062622bf5c0feb0634b76d30a2010ea19ae6ad00b2b14f73c4a72ea8e7845bb269a69b6966032700dd2c5b98687eebc8f77fee42946972e7e400bf5bf0c57867fe6f39c677fff4f303a45a8145a4f260b46b39a85bea34835796ad89db61c2a1b96863d76b72ee2f72ee3dc0aaa979ae8cedff194e646f6f1aabae901cc33af0ef20e3751708c52978c525fa8ad15c01bfedf3ff5df73f2e42a9ffaeca7d9db19778357ba89ab2136aaaad6515bc77090b368344a484ca64992022905fd2207efb8bab1c1de781a2bd7ae3a77c1e1db88c0fa6e9c4534fd8f7125cc4911be9343b42dbe9d5b7a045cddd2ce66b4e594a69a31d9de665656f4ce3cc4e2636f471f3e1153dce041a571fbf9280b8f29ade9c6fbb5c834fb9562edc82fea2c3f174cc2a133773358c8a8af6c30cc06a44bcbbcb8b3c387bff0e72cf70bb244339ad58cea96b6711c5f5d6436dba15714dc75dfa3a8419e623b37ced6b51d90175353471cdea895c4e8a8d3f0e186d8267419596b2d8d737bbdc5853fbef5be47b6fe8bffe78fdd76646969f5daf50b3c73ee797c88a9aa94e2a0ec76c133ab2aead6b23c2ce8679a244d4874a4862aa5d15a51e439b36ac6683c6156d5d44decc5b7ad237a9139daa6ab0d5c9471dba6a5299b386fd7d6b8bac1360daea969aa29d574423d8bbf8eb6b608698fe3dffe032cdcf360f4c9724d6782a60f6637c4937843e121a47a4eb8e6bdd8f697086157a6798c55d6b170ebede89ec65db94ebe768c67b6aef2fb9ffb324b4512e7ae58c7a4b2b43e9068c16291b17e7d9d33f73c8a1a16f90178d7d4f53cfe750f5e1e54f0f3215b9d5f5a07adc4453976e759fefb7ff0cbfc935ff9fff3d77fe2c7bf80ab9f595d5ac9ee7bddebef7beb3bdfcee5ab2fb17ee11a1e4f226fb4682bebd81a4d984c271c1ef618e429459677235c154a09129344ed8551b8e0289b86d96c4a599594554559961da5b5a1695a9aa6c53635aead69da96b6b13475d41a969309d574463d9d329d8ed9dfde42af1ee3cc0fbd9be2f031022ae25232ba63c73950d34ef5d5515c23fde8b784f7ef0d21fc36cdac6b07845848aa98cde5274fa3fa29ba85275e788e8f3df90cc322234f0c69a2995496aa69699d6579d8a71ced321deda00e0d874814d64baa7a16afa9b96ca3f32e1132625a73f5c0dc18cd85c0f7ffd73fc5077ff703bceebe93fcfe87ff8047efbe872f9cfbf2f95e31f848560c3686bde2d8cffcccdf3bbc7a22e5339ff81475edd12aa2ae2240e3039bfb13522538b9ba409ea618ad519d791912a490713eba894a61d18dfef62e6247d65adab6a2aa4a9aa6a1aaa694d58cb22a99cd66ccca19b372caac2ca99b86b29a319decb170ea0cf7beebbf26595cc423a37b90ecacd1e9ea9cd90461f2b9a1ced308f1cb22f85f14c1bf1037a923d4b38ec5ea62aea934a26d51ab871145ca1f7df44f79f2c54bf493845e1e5df45aefd99d3664da605dcbeab0cff5abe751c79717699a9680645ccd50ddee9f6fe36ee64ad7c0899373941034def1233ff573fcab7ff60ff8b5ffe357b9efcc632c1f5ae1a9af3dc79b5ef7463ef4c7bfdb2c2f9ffa5c554f3ebfbb3f9ebef52defbcfdb1c7cef63ef0bb1f041b2d38948c261a36c0d678c2b161c1b097931a43aa355acb83b11642c4a9395a46831c2d651cd3dd7d2e75fc7d2076407db8d15d9c07bc388e2910da9a63f73ec25ddff723a85ebfeb56cae886dd019cb8e8ab483945f4173610e2d710ea1711e283b8b6a183ec0184ad08d31122cdf0c11db06982b5885e86b52d1f7be20b58ef49b5881b4e48f6a675ac013d24466014a8e3ab8b4819a56ae37216bb679ddbc8bcf69642c6668e8cae0aad779c7ddddbf8d7fff29f71eee92ff3c07d8ff2871ffe20cdd4b1766c953ffec33fe0f56ffc4e1687092f5fbe706d98e51fb97cfdda93779cb9afeef5ed6d9ff9e417f2b818dd04cf0055ebf0b6e1f8a145163b1845a9d8d8514a47bd85140757d9c12017a5d02a9215a2ab9d8af235a3499234fab774f68b5a4431e8edaf7f9c5bbefd0722401902e4798447b422ec6f10c67b08a10993dddd3099fedbb0b0f25e21d5af0921af45a596eb1c2a22a12fc800b626d4651c32d054b100958a603db7dd7396423a3ef1d92f76fe6319424092183646255a295a6b19f632d4d1a5c53873dc28b6f7f70f669fcf717ad74d4053f399e52160bde7fff7ebff3b572f7d925ff9df7e879fff6fff5b7ee3dffc13bef6fc366f78ec1e7ee5d7ff3967cfdcceaffcf3ff95effab61f603cdda4d72f5e5dea2f7fe83bbefdad5ff8c07ffcadd1cec6f8880f613110ba8421d03a4b5f298e2c0dc9f2143abf2d651294d298aedb2795e9a6439b18fc95887f2e35522571d1ba59ebf17481311a8162ed9e8739faa6ef8c4daca6863c8fc43b6bc1a488e9043efbb10bf6c2cbff9659f95eb1b5f1ab62edf8ab322d3a68be2b563bc7eed071c5041e37de89e0a23237cc12548a682a1e7af07ec6a32dbef4d473f48b0229e37bda2dab0e3f94b4cea14e1d3e4c5d3b120d7bfbe30347aa9baf2cd1b9fc44598663f58e7bf99f7fe91728d23e3ffa433fc6135ffa347ff9fbff1a6bab86a75e5ce76fbee76fb0b4d0e3c7fe1f3fc673af7c8ee1e0248fdc733b57b7b6a81b797e526e7cf8739ffed2c7b456e79df79ac0ad5a2ab4102820ef29968a026314268da4056d52b4897e8f4aea0e1536d1a249cad8570802a5b3aed915d9f452c4c5c2b7f48edfc689b7ff4014a336759c9ca01398cde69cb08f87a6f917623cfa45f1993ffd37fb7ff689f3cf7eec635cdb6d39f6c637de982c3ce784851b441ee11da2a971e51e322d102289be2ec610921e02cf1b1e7998575e799e975eb9445e647176a10bec8e1b960739d605a4b31ead0355dd5064e6a031e53b9e90ec0ac3f91434e7046f7dfbf7f0dcf34ff0333fff77402a76a7fbd8b6e26b2f3ec3a92377f3dbbfffdb7897f1a18ffe7b527382ef7ee363bcff0f7e9fb6f1ec8f6a1e7de48d00e724fc232dc57739efbfab76ee1f96d63e316d5a5ebab2c5858d0d2693926ad6e0da268a469544688950f1ea925221948c93e44c8acef248c531069df730598e491374225159c1dafd6f46a469641a3a07694ab0cd1361b2ff0f43db7e57f0eebbc468fa8f48b373eae46df4d2826a32e54bbff91fb8fc918f21dabd1bb04b67ec187b2b5d232a1b2284c6cf263117d51a379dc42ea2ca498a25feeedff95bdc727c9959592381853cc518cdb46a627c6c6c436a043b7513590f4ac65ef1c14c6971a0d323085a2c478f1de1ed6f7827fffad71ee089cfff3e5595a343cd6da71fe19187efe1cd6fb88b93cb03d2ac66a1b7c2a7bef4098237b44dcddeee16ab874f92f404cc02528956493ee23c1fa97c105bb3f20d87abeab10bd7f71eed17fd87d2c43c90275a685323438a1609d24473ea987174d3dc42447a75d7db5641409ac76cac2c593cfd10f9d15b4370ee6966e55728f22f05c117c574faf970f55a08cbab71125053c1fe0490e824636f5a73f4f1efe3c4773cfe5adb70e50e9c228477d18e36cf516e11574f09d5183af3503f1da38a45309a43b79ce16fff8df7f0f77ef19729eb4096640c33cde6a846ab4eb0231578e7484c42d9c495b21df14174f44e29d441b7534bcd1ffcf16ff14bffe8d7f8d5fff51f236879f78f7e0f4f3f3be65fbdef7d7cfce3ff273ff5933fcb3ff9fffe43def55ffc045f39f709def2fa77a1b4a7e815148525d15005dfcd559748e1098150b6fe73e349fdb97135637d7b8f5e6acef6f3fe99bc676e13419e16419c087054105683148b82301042a65156ad6a211983d813812da9e5555bfbcbfd7bdf767ef5ee875f418517d8db7f8ef10c169762602e4bc4fe88607a88d54028275d5c20c22a99e6c1ef7d5b3442b30e741a39ec21109a1a519691c8a0f2a889f42d4a384255229a06590c08d6e2cb09520fa1153cf68eefe1a73776f9a7bff11b5475cda048a8da96f1ace5ff1a00f62ba0aecad4116c0000000049454e44ae426082);
INSERT INTO `aboutus` (`id`, `managemenu`, `ordering`, `contenttile`, `description`, `Image`) VALUES
(20, 'About Obaidul Quader', '10', 'Latest Update', 'jk,hnj,hk', 0x89504e470d0a1a0a0000000d494844520000009700000022080600000052984bbf000000097048597300000b1300000b1301009a9c1800000a4f6943435050686f746f73686f70204943432070726f66696c65000078da9d53675453e9163df7def4424b8880944b6f5215082052428b801491262a2109104a8821a1d91551c1114545041bc8a088038e8e808c15512c0c8a0ad807e421a28e83a3888acafbe17ba36bd6bcf7e6cdfeb5d73ee7acf39db3cf07c0080c9648335135800ca9421e11e083c7c4c6e1e42e40810a2470001008b3642173fd230100f87e3c3c2b22c007be000178d30b0800c04d9bc0301c87ff0fea42995c01808401c07491384b08801400407a8e42a600404601809d98265300a0040060cb6362e300502d0060277fe6d300809df8997b01005b94211501a09100201365884400683b00accf568a450058300014664bc43900d82d00304957664800b0b700c0ce100bb200080c00305188852900047b0060c8232378008499001446f2573cf12bae10e72a00007899b23cb9243945815b082d710757572e1e28ce49172b14366102619a402ec27999193281340fe0f3cc0000a0911511e083f3fd78ce0eaecece368eb60e5f2deabf06ff226262e3fee5cfab70400000e1747ed1fe2c2fb31a803b06806dfea225ee04685e0ba075f78b66b20f40b500a0e9da57f370f87e3c3c45a190b9d9d9e5e4e4d84ac4425b61ca577dfe67c25fc057fd6cf97e3cfcf7f5e0bee22481325d814704f8e0c2ccf44ca51ccf92098462dce68f47fcb70bfffc1dd322c44962b9582a14e35112718e449a8cf332a52289429229c525d2ff64e2df2cfb033edf3500b06a3e017b912da85d6303f64b27105874c0e2f70000f2bb6fc1d4280803806883e1cf77ffef3ffd47a02500806649927100005e44242e54cab33fc708000044a0812ab0411bf4c1182cc0061cc105dcc10bfc6036844224c4c24210420a64801c726029ac82422886cdb01d2a602fd4401d34c051688693700e2ec255b80e3d700ffa61089ec128bc81090441c808136121da8801628a58238e08179985f821c14804128b2420c9881451224b91354831528a542055481df23d720239875c46ba913bc8003282fc86bc47319481b2513dd40cb543b9a8371a8446a20bd06474319a8f16a09bd072b41a3d8c36a1e7d0ab680fda8f3e43c730c0e8180733c46c302ec6c342b1382c099363cbb122ac0cabc61ab056ac03bb89f563cfb17704128145c0093604774220611e4148584c584ed848a8201c243411da093709038451c2272293a84bb426ba11f9c4186232318758482c23d6128f132f107b8843c437241289433227b9900249b1a454d212d246d26e5223e92ca99b34481a2393c9da646bb20739942c202bc885e49de4c3e433e41be421f25b0a9d624071a4f853e22852ca6a4a19e510e534e5066598324155a39a52dda8a15411358f5a42ada1b652af5187a81334759a39cd8316494ba5ada295d31a681768f769afe874ba11dd951e4e97d057d2cbe947e897e803f4770c0d861583c7886728199b18071867197718af984ca619d38b19c754303731eb98e7990f996f55582ab62a7c1591ca0a954a9526951b2a2f54a9aaa6aadeaa0b55f355cb548fa95e537dae46553353e3a909d496ab55aa9d50eb531b5367a93ba887aa67a86f543fa47e59fd890659c34cc34f43a451a0b15fe3bcc6200b6319b3782c216b0dab86758135c426b1cdd97c762abb98fd1dbb8b3daaa9a13943334a3357b352f394663f07e39871f89c744e09e728a797f37e8ade14ef29e2291ba6344cb931655c6baa96979658ab48ab51ab47ebbd36aeeda79da6bd45bb59fb810e41c74a275c2747678fce059de753d953dda70aa7164d3d3af5ae2eaa6ba51ba1bb4477bf6ea7ee989ebe5e809e4c6fa7de79bde7fa1c7d2ffd54fd6dfaa7f5470c5806b30c2406db0cce183cc535716f3c1d2fc7dbf151435dc34043a561956197e18491b9d13ca3d5468d460f8c69c65ce324e36dc66dc6a326062621264b4dea4dee9a524db9a629a63b4c3b4cc7cdcccda2cdd699359b3d31d732e79be79bd79bdfb7605a785a2cb6a8b6b86549b2e45aa659eeb6bc6e855a3959a558555a5db346ad9dad25d6bbadbba711a7b94e934eab9ed667c3b0f1b6c9b6a9b719b0e5d806dbaeb66db67d6167621767b7c5aec3ee93bd937dba7d8dfd3d070d87d90eab1d5a1d7e73b472143a563ade9ace9cee3f7dc5f496e92f6758cf10cfd833e3b613cb29c4699d539bd347671767b97383f3888b894b82cb2e973e2e9b1bc6ddc8bde44a74f5715de17ad2f59d9bb39bc2eda8dbafee36ee69ee87dc9fcc349f299e593373d0c3c843e051e5d13f0b9f95306bdfac7e4f434f8167b5e7232f632f9157add7b0b7a577aaf761ef173ef63e729fe33ee33c37de32de595fcc37c0b7c8b7cb4fc36f9e5f85df437f23ff64ff7affd100a78025016703898141815b02fbf87a7c21bf8e3f3adb65f6b2d9ed418ca0b94115418f82ad82e5c1ad2168c8ec90ad21f7e798ce91ce690e85507ee8d6d00761e6618bc37e0c2785878557863f8e7088581ad131973577d1dc4373df44fa449644de9b67314f39af2d4a352a3eaa2e6a3cda37ba34ba3fc62e6659ccd5589d58496c4b1c392e2aae366e6cbedffcedf387e29de20be37b17982fc85d7079a1cec2f485a716a92e122c3a96404c884e3894f041102aa8168c25f21377258e0a79c21dc267222fd136d188d8435c2a1e4ef2482a4d7a92ec91bc357924c533a52ce5b98427a990bc4c0d4cdd9b3a9e169a76206d323d3abd31839291907142aa214d93b667ea67e66676cbac6585b2fec56e8bb72f1e9507c96bb390ac05592d0ab642a6e8545a28d72a07b267655766bfcd89ca3996ab9e2bcdedccb3cadb90379cef9fffed12c212e192b6a5864b572d1d58e6bdac6a39b23c7179db0ae315052b865606ac3cb88ab62a6dd54fabed5797ae7ebd267a4d6b815ec1ca82c1b5016beb0b550ae5857debdcd7ed5d4f582f59dfb561fa869d1b3e15898aae14db1797157fd828dc78e51b876fcabf99dc94b4a9abc4b964cf66d266e9e6de2d9e5b0e96aa97e6970e6e0dd9dab40ddf56b4edf5f645db2f97cd28dbbb83b643b9a3bf3cb8bc65a7c9cecd3b3f54a454f454fa5436eed2ddb561d7f86ed1ee1b7bbcf634ecd5db5bbcf7fd3ec9bedb5501554dd566d565fb49fbb3f73fae89aae9f896fb6d5dad4e6d71edc703d203fd07230eb6d7b9d4d51dd23d54528fd62beb470ec71fbefe9def772d0d360d558d9cc6e223704479e4e9f709dff71e0d3ada768c7bace107d31f761d671d2f6a429af29a469b539afb5b625bba4fcc3ed1d6eade7afc47db1f0f9c343c59794af354c969dae982d39367f2cf8c9d959d7d7e2ef9dc60dba2b67be763cedf6a0f6fefba1074e1d245ff8be73bbc3bce5cf2b874f2b2dbe51357b8579aaf3a5f6dea74ea3cfe93d34fc7bb9cbb9aaeb95c6bb9ee7abdb57b66f7e91b9e37ceddf4bd79f116ffd6d59e393dddbdf37a6ff7c5f7f5df16dd7e7227fdcecbbbd97727eeadbc4fbc5ff440ed41d943dd87d53f5bfedcd8efdc7f6ac077a0f3d1dc47f7068583cffe91f58f0f43058f998fcb860d86eb9e383e3939e23f72fde9fca743cf64cf269e17fea2fecbae17162f7ef8d5ebd7ced198d1a197f29793bf6d7ca5fdeac0eb19afdbc6c2c61ebec97833315ef456fbedc177dc771defa3df0f4fe47c207f28ff68f9b1f553d0a7fb93199393ff040398f3fc63332ddb000000206348524d00007a25000080830000f9ff000080e9000075300000ea6000003a980000176f925fc546000004924944415478daec5ced51e330107dbaa10077803bc01d9caf027215602a205410a800a8c0a102a002870a122a48a8c0e940f78315b708d9fa4a6602ecce6832f16457ebd5d3dbd5daa0b4d61011d987fc92108808b844045c2222022e91fd8bd63a6b7c33b901a0ad510b4ad2f073e452504a55000acbc822725ed7a22c0e3c562fccc79286c8ae9007a072ec5e0da08960ae72c0c6f40b856626cc95c75cbf1c3f5e01b8047045973600b6002e22178633d59ceccd65390479869534808eefe200e62a00f4b6de170c8d30d7ae996b40eee9f32ce0b70d01ec4e422fad8810746e28a5354a295f917b41a9f451c22be00a9510f69a50319fc35a0d8007006b7610e8e95a9379bf25b51b967bb0cded77d6416609a04d4cb105a5687b949ef97df764db6d3c715ad33d849fa0436a2ef67d09a01fa9b93a5aac22a16ea92d40adc95ee7b89eb248760fcbd8b6035825d65c370e40750ea075912d8ee9c0c9bbb680d20efc6e3930dfd4e197b9de3bd6a0679bb109c24f24b81abb2de1683fb4094571c36ef2666457ce786b2462e72f59b09a915ddc33dba1be87d837acdeb105aa220056b3d15a7e55ccef8ee6317e19c03f78ec1add9601b21e0064cfe7df19b8e85a0f60e90097b99132125c4d64c02b0b043e6919e88b80b4b6640b1202ae2ec23e678c75e0efc74eb13c769311504f7c098c8d3600e8ef4cb76b707d684b38da0f31c7f992f4627772c5f4cad04044305d8fb0c73f330f33f800d66680abf5a4bda88e42a43f66e395bb06d77bfa63e0323b6812092ec376d3c4c2dfa4511fab9489b67de0eaad1a33468c6f4522b8cca629902f8649a3d973a7e0a2ebadb568eb01e77ce0328b932a63fa65063b801d226a0f2bde24da9f44d68e2ee6da592f3492dd83c07594e8cc3d05e50cc0332de465c2b1bd40de23a147f2a3a4de9abdf820ff5264e159f8dff4b9455e17ff24630d0e5a92c0a5b55e28a55694ce2a0af03c015c7080224636cc966de738d37ea8de55e61a54f8a67294a17b47d43c21606df133659eb9415e055c9fd96bae943aa5d4769dc93aa932c67eaf99f67d7a2fecf316229f24eb3567adf55f007f1277ee86d86e92e1c2846c6c066a265e1bc58aaf8e32f64f05467b00d78e524a91d88a987a0e041b5694a7b4227c3a5b3a50d490d7720e125c77b44833c4375167a43bf690dca4eb98637b11d15ee0f68bc4d45b0ab8f6231b6a611478ebb35481c032cdc34b4f4a5e10b3d5087ffc636c3f06f8b20270cef462364883ff6f4bfc9c825e29c569beb0beafb4d6dbc05aa5b48edb2bc7a972ce76ff92be5f3b4053e2ed5d319342cf03db1f97347f43be5d3bf40a66bb20dbc754d3558e3a6bccff5b62d3cd00786b9aaba258f8fa83f5c041c307e445246b166caec508ab57dc07a5d430261cddf729dcaf6e98f130f2ca8d57d713c4437ce526f40f4c6cff7b36077f65853fc7f331a92f9e63c357c7f623bab3019d2e041366281b204a29b38b87e489fe88c3fcdec50083bac45ebe74716aed902deda627e475f40dfbd50c4443b66bc749f30efe7e5e437ab5c50c0b62b3674ab9db007f7df10ca967c74eda2791bad5c0e9f80326deb121ffe546e4bb16f422022e11110197c801c9bf0100133a26fe008a2def0000000049454e44ae426082);

-- --------------------------------------------------------

--
-- Table structure for table `description`
--

CREATE TABLE IF NOT EXISTS `description` (
  `DescId` int(11) NOT NULL,
  `HeadingId` int(11) NOT NULL,
  `ContentDesc` varchar(1000) DEFAULT NULL,
  `ContentDesc1` varchar(1000) DEFAULT NULL,
  `ContentDesc2` varchar(1000) DEFAULT NULL,
  `Status` tinyint(1) NOT NULL,
  `HeadingTitle` varchar(500) NOT NULL,
  PRIMARY KEY (`DescId`),
  UNIQUE KEY `HeadingId_4` (`HeadingId`),
  KEY `HeadingId` (`HeadingId`),
  KEY `HeadingId_2` (`HeadingId`),
  KEY `HeadingId_3` (`HeadingId`),
  KEY `HeadingId_5` (`HeadingId`)
) ENGINE=InnoDB DEFAULT CHARSET=latin1;

--
-- Dumping data for table `description`
--

INSERT INTO `description` (`DescId`, `HeadingId`, `ContentDesc`, `ContentDesc1`, `ContentDesc2`, `Status`, `HeadingTitle`) VALUES
(0, 22, '<p>is a Bangladeshi lawyer and politician from the Bangladesh Awami League Party and a member of the Parliamentary Treasury Bench. He is the youngest Minister of Bangladesh from his ancestral area of Singra in Natore of Rajshahi. His victory in the National Elections of 2008 at the age of just 28 resulted in him referred to the as the Youngest Lawmaker of Bangladesh.</p>\r\n', NULL, NULL, 1, 'Obaidul Quader(born 17 May 1980) '),
(1, 1, 'Obaidul Quader(born 17 May 1980) is a Bangladeshi lawyer and politician from the Bangladesh Awami League Party and a member of the Parliamentary Treasury Bench. He is the youngest Minister of Bangladesh from his ancestral area of Singra in Natore of Rajshahi. His victory in the National Elections of 2008 at the age of just 28 resulted in him referred to the as the Youngest Lawmaker of Bangladesh.', NULL, NULL, 1, ''),
(2, 2, 'Meeting With Obama', '', '', 1, ''),
(3, 3, 'Reducing Traffic Jam', '', '', 1, ''),
(4, 4, 'Contribution On Party Fund', '', '', 1, ''),
(5, 5, 'Facebook', '', '', 1, ''),
(6, 6, 'Completed Higher Degree', '', '', 1, ''),
(7, 7, 'Looking Handsome', '', '', 1, ''),
(8, 8, 'Life Story Writter', '', '', 1, ''),
(9, 9, 'All rights reserved', '', '', 1, '');

-- --------------------------------------------------------

--
-- Table structure for table `heading`
--

CREATE TABLE IF NOT EXISTS `heading` (
  `HeadingId` int(11) NOT NULL,
  `HeadingDesc` text,
  `Status` tinyint(1) DEFAULT NULL,
  `HeadingTitle` varchar(500) NOT NULL,
  PRIMARY KEY (`HeadingId`)
) ENGINE=InnoDB DEFAULT CHARSET=latin1;

--
-- Dumping data for table `heading`
--

INSERT INTO `heading` (`HeadingId`, `HeadingDesc`, `Status`, `HeadingTitle`) VALUES
(1, 'About Obaidul Quader', 1, ''),
(2, 'LATEST UPDATE', 1, ''),
(3, 'INNOVATIO', 1, ''),
(4, 'POLITICAL RESUME', 1, ''),
(5, 'SOCIAL CONNECT', 1, ''),
(6, 'EDUCATIO', 1, ''),
(7, 'SCREENTSHOT GALLERY', 1, ''),
(8, 'FROM THE BLOG', 1, ''),
(9, 'FOOTER', 1, ''),
(22, 'About Obaidul Quader', 1, 'Obaidul Quader(born 17 May 1980) ');

-- --------------------------------------------------------

--
-- Table structure for table `image`
--

CREATE TABLE IF NOT EXISTS `image` (
  `ImgId` int(11) NOT NULL,
  `HeadingId` int(250) NOT NULL,
  `ImgDesc` varchar(1000) CHARACTER SET utf8mb4 COLLATE utf8mb4_unicode_ci NOT NULL,
  `ImgDesc1` varchar(1000) CHARACTER SET utf8mb4 COLLATE utf8mb4_unicode_ci NOT NULL,
  `ImgDesc2` varchar(1000) CHARACTER SET utf8mb4 COLLATE utf8mb4_unicode_ci NOT NULL,
  `ImgDesc3` varchar(1000) CHARACTER SET utf8mb4 COLLATE utf8mb4_unicode_ci NOT NULL,
  `Image` longblob NOT NULL,
  `Status` tinyint(1) NOT NULL,
  `Order` int(10) NOT NULL,
  PRIMARY KEY (`ImgId`,`HeadingId`)
) ENGINE=InnoDB DEFAULT CHARSET=latin1;

--
-- Dumping data for table `image`
--

INSERT INTO `image` (`ImgId`, `HeadingId`, `ImgDesc`, `ImgDesc1`, `ImgDesc2`, `ImgDesc3`, `Image`, `Status`, `Order`) VALUES
(0, 22, '<p>No Caption Needer</p>\r\n', '', '', '', 0xffd8ffe000104a46494600010200000100010000ffed008450686f746f73686f7020332e30003842494d04040000000000671c0228006246424d443031303030616139303330303030633030623030303036653137303030306133313930303030646131623030303030303234303030303261333530303030633233363030303036343339303030303039336330303030373335373030303000ffe2021c4943435f50524f46494c450001010000020c6c636d73021000006d6e74725247422058595a2007dc00010019000300290039616373704150504c0000000000000000000000000000000000000000000000000000f6d6000100000000d32d6c636d7300000000000000000000000000000000000000000000000000000000000000000000000000000000000000000000000a64657363000000fc0000005e637072740000015c0000000b777470740000016800000014626b70740000017c000000147258595a00000190000000146758595a000001a4000000146258595a000001b80000001472545243000001cc0000004067545243000001cc0000004062545243000001cc0000004064657363000000000000000363320000000000000000000000000000000000000000000000000000000000000000000000000000000000000000000000000000000000000000000000000000000000000000000000000000000000000000000074657874000000004642000058595a20000000000000f6d6000100000000d32d58595a20000000000000031600000333000002a458595a200000000000006fa2000038f50000039058595a2000000000000062990000b785000018da58595a2000000000000024a000000f840000b6cf63757276000000000000001a000000cb01c903630592086b0bf6103f15511b3421f1299032183b92460551775ded6b707a0589b19a7cac69bf7dd3c3e930ffffffdb00430006040506050406060506070706080a100a0a09090a140e0f0c1017141818171416161a1d251f1a1b231c1616202c20232627292a29191f2d302d283025282928ffdb0043010707070a080a130a0a13281a161a2828282828282828282828282828282828282828282828282828282828282828282828282828282828282828282828282828ffc2001108018a012803002200011101021101ffc4001c0000020301010101000000000000000000030401020506000708ffc400190100030101010000000000000000000000010203000405ffc400190100030101010000000000000000000000010203000405ffda000c03000001110211000001e84e23705ea706bbaaecb4269ad9da79b375c0c54b23a59fa6ea9faf79b8d57f3484818f8bd4b7cc8a74acfa3db56b68c623de1abef7b68f7bdb7be83f3de822df47f7bdc3588906c584a84746619f28f732b7292ac48f2299aea0b55d803f50a1c9e5c913d746ae26e71755c1c6752f41293318d6fef023a5a1756b3507d131b47bdeda2f5f0df513719d2f158f4f5d5a924f01d3b0bb9a7768f7a460474805b3dcf6ae3f4d8dad79b198ea7029dbde578e237b84eb9aa9145d7bd17a0699b50610ef44358981bd131b47bdedbd130333f40f9bf6f07d9be7079df4479d187d0df4348cf4a7dea44796f66ab83337d3a1cae9f9b51c76489d6e62b80a12dc6f31d173be944111ea347a254d844129ad6d45315985de8f7b6f47bdb7bde91a3a1e7b591bac82c71d4305a91dc6ce3ef340fe80198913df39b376739d71b45376a8e21a19fc974526f1ddb97c6d043d4e65fd32694256cbaab182ad159aa1f47a06f44c0d1ebd76b9d73a52b69606eb4f6578dcd1300f6dbd83b35e53a840014d05de6c1cbd5cf619ba999a1446b3df4796d8fc7763ca751c149a57bf9c7135cf1312af006408475bd50d7d6229a58f70565c95c24b52ad2e22a60fd6d7435fcfd860d3031ed1e458b419243a526def655f3b4f3d8aba997aae908ba9f357232f597a5391c2fa3f31d92e5c4d8ba503ed2347a33e9b2a46d910c2ef2932a518eb5fc8e28bd76f34a4037ac6f64ee592dfced8eb682a29d49eaef4f3b26f79a7ef7bd82d9fa59ac63571b619428ba973d72d6696a3ce3ebe351702e02f5c961f740e7bf042d7cfab0bdaecca9ca693a92b004c803ad5b8e919ac415b1d7903ecacfcdbe97c232d0173d8fd71e59caf3dfdef11ef7bdb2b9da794cc5d4c9d528ba2f230ae5818051e31f63168bcf8ec2ed897a5e53aae7b3bcdf5dcdf1fa7cf93571af3707a48c6d9abb0b5a001103585660852b330a676f34cf3819a1e7f7b6807e016f7bc47bdef6cae3ebe1bb6a3e8b810083f9d2ae7acc81deb8bb78941814b0bb217e879ddf85b57037fdc9d7c2b3a99d5a9b33cb03554abd615a7aaf1b1a5c5749f6ed6e557cc01d043a5337e853818f3b4fbdec3d131b2793a798edae7119513cbd4c84b01565776ae26de3b8e76a41f644dd2733d1735df888e4b26b31734e7d0e9317a573b39e1566a4e8554b1a7525f8eb46d469ac8b2ae70ab534e9fa21a45ee05f7a44716b61ecae79d063d07bd2aa9636c622da14696768c6d541c7342387ae47ea798e8f9ace0595f99f38b48eb89329843bf873c91930ee3216f6cc743ccb6537f38e93c898da3973a35b54d732fa6e8676879b5b00a0d9a19024208b8b96dc1982aa8626d60eb1137126612ccd1c726b9c3d727ba2c3e9392ec21a79116573f556f4397084d0eb94cdbce61eaaae2649f6dc7967a3d0a0465adb0252e5fcd34be97a995a5e4f4d8165807c1e5ce5a8261cec2e759550e7fa0e735db45d45880942b6e3007075c75ba2c2e8f92ed626ff3b366abe6fd0e2e7b0b57368cbb84d5db35f3174c37f0f0a88c4c14cfd5c52da468b64fa4eae468f8fd3715060380326d936d0d5763818582a1ce747ceeb3b9da796c40f20f9dc4a9a19dd72dce83037f96fa3cdf43cea16f4873dbc9c16827bd60ab8c032fa0a3d877f4658f7838222a304b56aada7f51d4cad3f17ac379f60c22ee7d325b193b6c6893f9c02dce749cd8b68613fc6dc1f4b8d0742f459b9873baccd3e34deab886e3ea4fe1ed88733a839b2009e26c3078bb04923c291196d84e2f739b46d8c47dab4390e67cae9faa93e78f86ebb079fc53d1dbec7cceedbe9a3f9ebab2eb39dc01931cd9d6ed8d4241931130accf956548b7717aa9746bea66e95bcfcff026d32af43636a86b8526e020985af8a19eba3e602c832a96fbaf2bb3ade5f47cc1deab99e803c3d9d566e2a7a6196c329c2456970603011474717f3294d0c9d7c795f4b2b7eb6e4c6d6c3225fbf6965fa7cdaadd0e59084b556cbdcd1b044da981707631f109b39dcf9816bc94fa4930dcf3ba3b00a1e8d5bc8d916a64b129b5060bc66b81f204e332ba75fa25ca5b511bf396bea63752f3488fa5b6c60d20b1ad0d75e0604d9658e7aa88f6602b491a18ae280e33c2bea0cd0e8d6dfe4fa7e3e8e8a426e67a129e9df52a8091ceb55b2d9eb6b6467c6acad756434b1d8347d3e8e58ac55e7b42ca90da3d2f13da7472383f05a245cf4394f34a9cad5e5f65ec6062bd6631a9682057dbe79de7e8ef9dc4d8e2afac216d0be0868dae5c17e7d2da7580e8119310a8f6288e7cddf6267e6a1ec799ece443ccad684f69c47595e763c05ab17650a62fd55a91ae005f2dc4d41035df53603c8692b72117147aba2ec382ecb92ae73dafc51d1108d95ef0838b455d31b70f8b64a74af712f4afda1f0b4b97a2d89af5c7901ef6674cb37651b7472ead40df5f9fea5d62be28e0eb4154c19ae4a81b411bb61d4d74ced3c51d8dcdd5b3af08f3d1be7d84aa01ebaac2f75e7060889c6a32bd367c567b04b4c06e7ecd7639f7a3d3a4a99847c90eee711920d3a564267383d7c2d2032da2a79e82a366a674830a592e1517c6cfe7f59c3d888b4920125f4dc71cac750b93cfd74930568bd30bfa85c0cca240fb119511e9d3a66788d77f99dccba461123d1713239d5353587b628b5c4e997e7a9782407816e7586c8a9297d67eb147ea1c7fd9b86bce3bb039cf271b6b16a703136b2eaf8cbbe1d5cf03e05652ac8c28bc526c0b14aae0699acad1d0731d15f9f4b3decdebf34c6ce67cdf71aadbd1b8ea68c540ba00140ba264486e05c25563d49fffc4002b1000020201030302070101010100000000010200031104122122313210130514202333414230340624ffda0008010000010502ae59d97b22e6080478f3b4c64dabf7dbb6262011b864d52b4d56a768beddc49cfa9333fe1f05bdaca3e9afbd9d97b699638988f1bbb7654cce7e65bb403897cbf6cb2ccc27fd7e0d7fb7aaf567021b6277b3b572ae14fa591a587034a4118cea5c713f426b2d0835166e2df476ff00253b4e93501f4ed7c2c4faaf76948e47631bb3478c32b46981ad6964679fbfe71c7c43bd9ea662187fcbe17741eb88be95a981c880e6590c7ee58acd291ed5b1e1effadd85f885bd569f41ebfa3fe543fb765672b3b46b9441106620e36fa5a6132b19360ccaaae86c88fdff006ddb596ec4b9f25e099f4c430ff9e8ad1f2e6c687266209541e8c701e346b595bdd334f7a95b0f2ddcf7b89dbaedd1fe81330ffa7c31a6263d04a3d6d8d2a4cc6a434b178a9faff4ddcf7bdb0badb77b59f4087fcf1e9f0d3f7fd44a071e974ee42e2b3954561b8568ccd1bbb1e758dd3a83cbfd0046f4cff824cc71c698e2daac0ebe83bd3e319a13995ae4bf8b7e35505abaf0ed3f6fdf5ed80fddbe9687eb009f55867c3b8d5dfa19597cc1deaf168d31cd6302df1b1b15d646eafbbfa5e71356e599e37a1f4cc30fd388a9b8b9c7aa9f4d3becbf4ba95b16f5cb59c4fdd2dd2c6195afa59daef054e695219e7ead9ad4c17861f510c3eb898889ba39183e9fa5188dc22f9251d2c3a2c59fbacf1157300c7a5bdae6e2b3299643d8f96a6bdeda8d2911d4887d40cc1547a4c353081276889ba58dc7d0a38b4e65484bd746d9609688624511463d6c97c44948c2bf63dbfab3ced5cd7afa84649b61a384a713188f6aacb2dccea30f1118ed2263ead17b668a8382fe5688656220fa2c32e6e6b89e2fd9bc4793f9bf8ebfb639f926b4b57721f72c48cecccd5e2059b4cb14acae9da8561faab6d8ff000fd42ea6a71d5709894afd2fdee1ca2c5e15fb3f88eede6d3e24383ba69f50d45a4a6ad1eb5bebaf44d82594a0430d025b5035d5bbd931a1fabe0fadf96bb21a7c47562a80441f4b9eab5baab9fa7ed678af77f23dbe227a4fa5363a5c8d6596b2b1aeeac608612b25a6c8d1a1861f41f451aed4223b17317b7d0dded51baa5e4f67ed6f8af77ee7b7c47b621ccabfe8d1b036dbc2dc32d72a8a749f9d862591e6637d23982b98f4c45fa49e6c6fb94f768f2ef1496797ebe2078cc334fceab4eaa65c4e2c5b98d9bc9a176cb2ee0da1a39998618a3d029252adb313118e3d07d24475fb9a710c79a8f1496797eb5de240989a5c8bf4cc4213d4fe56d267df32dae6408c61f55112a242a6d9b713119a37a0fa499fd511a59353dabed6f91f0d6fe3247a68ff003e9bf1dbddfc8fe3f6f78d5698a9f6238080e58ed804a2accc61769989673e9636041f418c38dbd54f899677d4c4ed6797f3aefc644c09a45cb69d5fdb7ce1bc9bf153c8d4ab31b69b847a4ca9b0c6be43a5672ac3220ce2e2043d72c6da3c9bf63d33e87b378feebf131fbea7bd7dadf23e1abcfb466668fb51e17f8379b7e3ac90a31b377bd35879a6a5d3add7ef865161ae230319b62d8789736f6d2a6e7fe8769fd47f17076e4835f846efa9f24ed6791edac1f64c3db48b9aea45db60c55ddff8a84d4912db70768173b6e6827134cfb5998a84391a83c7ef48bb60f21e83ca3f8d9e3fd0f187cb53e69dadf2fd6b01f60e6376d2fe2a9c618835a9fb8cc513e67dc4b6edd2a52d356fd504a8d5ec2a64a246ac61772b5a8715a65ebe1479013113ca59daced5f367e9bb4bcfdc4ed7792f6d573418fe3a4ff9e98fe34fe47a4323564d158e58fb53bcfe427210c4ab80311873edb97b00211762a775f210cafbcb7b5928fc92cf1fd5bcba78dfdc09a8fc2dddfc74dbbd9ab7ce7149fbddd1874db5fb366afa9d6b1944ebae92545736e27509b670415e6d23dca86113ca1ce2bccc997131c99a5f296f6fe5cf5af6bbb831b9ad8c7f1d3fe1ae1f1aff00e84c9745cdbadbb1aaed6d2ac576f02b5ced98c41b5a7f273927db44c93c66bf28ddab1c625d2cefa510f7bbc4f87f5fad4775598c258006b3b52a3654bcf641ff005d795d71e059f7b5aaab2856c636118dad8333096c1ceec626b18e280378dd8afb96c477e9a98e332d6e5cf3a6f032eecdf8ff00afd6a4c46115b74d5605d64af0025881fdc4d8dff5274b587ede8faf5552650c46c4dc446389822639c013a5a31df6d7d284095772321c74d43896f9377a8747eeeeeff8c797eb5ae04179dd5ea9506a08b1ac8bc1d6dc5eeb2f62a2d71342d9d2678a6b0802f24869926739c6274e7f44f4bee8f80b503b9dba53ba9971e9afc6587abbb2f8cb3cadfc63cb516ec4d4dbd4f61858cdc62bcb6de1ce637a7c2dff00f8c98b90ac001cb4c125b0e3884b08db810cbbae7012cc96a3045edd2ac0447ada58060630d622cd46a13356a504f9eaf15eaebb239e6e61b33ceb75196b0e49fa05a7631e9ef3474294a10256c7838993b4f42f4e06771ee595d1f132dbf559f6ff005e356a6c19d7d8551752e86bf8934af5f96d6ea09396314e26f94d8aa6cf880c1d5f3f39d361c9861801f5420a9134bd5401ed9b7c37625866566e62ead8159022ef2ae7a0edf7b55b7dad3904da7aac3cfb6b6a6af425635644d0f4dbafb14dad734de66f8ac66c779f2f666ca19261843c96ae7b6776c544bf19d3e903d3b0862bc68ec0a6e39b5d81adbbd870725bd036c281b2bb723f1757bdabcfb7a77c43ccb3bd76ed3b85ab7e8819752e934ba337bd9a0ad67c9a92fa0001d3b24f7ad49f3b6c6d53b437b42d92961566b03338ca2a7dcbae256b6a96a76eaa6cdb65bb6313b749a6f983a9a052cab98500057a481eea96878a7a7ded563e5eb3c2f8b8eb73cd3710cb66458aaf16a152db6735b4b0f4e333db52469ab68fa2ae6a34c017a71e8b12f650b61df69ccc91e9f07a7adec5cee2d751a8b296bec36919c0226e195276e560c7b5d5ef6a73f2eb10f0cb9b28bfdd543d63b6f20ad80cb294b21d39596ee81b13f68712d6e976cc2a18594c29b6008c5ab8722221b1b4ba4a6a86d40bee6f3a6398f8516f085bdb7d8c570e9374de423be62b02d681f2eb59ce381d36680cfeabf13e88e62b46c46a55a369f10d644b732deeb0732dac61c722126233230d5749b633e568e2956d81c013136b233ed5aac5c9c754c6213984e51c0dc0ca2cd8c1830a4f47a66068f6622df05a23b896b4b9a29333d4edd3ed178463e8cc07a8631cb1a8827961c3cb37593f6bc373ed329366d6da461b7423a9b89a27cae99ba7d75370a41b16d5dbcf221b184b2d8cfcd673194c44c9a6b18d5e9232e211ea9e609deac045276ef59ee1303aef5c0a40fbd8fb5b17dd08bedec1eefb7d1ed1dcc6691f16699b9f477d935367bcdc85aaf39df37ce0cd822a01e8139ac4232355a70d1976b14cc60441c36724362678fb8176e26d7419e378ddb94a6fcb1ddedf6bb720acdc9ee1101c4d0da72a7226bede118ac1672cb895b72d90c1f13ddc44d40312c115b312663f3355a7dd0a6df46a8188372308d565ba73d4cac5482a49555dfed9d85711f62c7d590cceef285ea3e9a39a76caea1b6d6f66e7b08c4df919da725a1ef5b6214cc47c15d514346a038dfc66196d598e9b66260895ea0c0ca45990380c333226e2c4ea2b11b58db5b758ca9d3b7ee229da4fa68d3ede99f9d75bc6d87939c4266ee11b11c4cc56c2edfb6881a6c28d56a4c4b333743cc7ae3551936c65982b12c0d33ee16b5446d41c3bb3909056718ebe9d80297e915994aee718aea43d7aae5d89033c1fa15a377cca5b9b9022e9d7861012b12e8ad9821025936464e1927686b9ed4f6cce20c655a1270cfd4ef957efa34c9b58e73b543ee8798ddc0cc23e9c453b4212d333309998b695896ee9c9804db088563570a4db39079c67ab7f1ba6622f3dce8aada9627362130692e609f0e700e8956354163ac2b08f5ace0e7916627bb3dc9ee19b8ce67c3a9de590d6cade87be2159b66d9b66d8cb0acdb3188ad83a3a8dd751a06da9f0c58ba1a523aa897897712c8cb088561131313131313102e62d330ab3478f67f8b061d6c07e8c422110c22159b615844ffce7fd43d1a5d2e974b23776861fa07a27769741345e038bb51f9e570cfd187d1a18dda37a7fffc4002711000201040201040300030000000000000001020310113112212004134151223032235261ffda0008010211013f0126cc88d08621cbce3bf19bb224c88cc8bf4279bb1bc88ce0d9119262fd1033695a264781218f7fa56cc5a56d2b4f64497e98925dde4218897f444a9af248c5a28a823031bb21ff0044464a0b62214db1d34b67e267e85130465c4976f264437747c91b4b422195a638cb721532304a431df072c0ee842b4b56a6535989eda8b4714b43242eed29f8a10ad2d5a991a8d2c118e7b2529224cc89715964aa67cd11b4b56a568c9c743f514be763a8a6fa249409d472ddfa5e51b3d5a988f515b8fe31126ca6fdb49a364a2220be4936d8fc63676868455c4a56d1cb0391914bab3bfc08888768e843d886c6eff169590f42222bc7421921bcbf07691f166223a33813767fa19c323231c9ecc52cb1d3a6c74e29f4ce97825c99461df649e64df8c767fc22b071c9ecfd11a6d9ec33863fa3f11e0fc5955758441a94b073c08c7cf843fa2484c4c87645e36746327044a9225068e72c0b3b64ea758b67e2f823b24cc906278646a64e276843d9d3250c5b9656195163c33e11bc2a3891a8999fa1459c46b3d13a581c5a2a9830606776ec421df93235a488fa95a66cc64940ab4392e89c250ddfb153fb3a4499835e74a2d2c8a7f766912a7cb64fd27fa8e9f1d9c86edede6d9336e37863e4f7227ba875b82c94eaaa8b28c8d647025e9e2c97a5fa1d168698e581b646d11a3024712304bb3d5bff00194eaca0f312855f7639b277c1c51fffc40026110002020104010403010100000000000000010211031012213120133241510422304261ffda0008010111013f01208968b92622b921853e4aaf2cb1b8eb5a410f4847ecc8231c77312fe12853f04a86450e8908c38fe7f8e6451b7564782ac644c6b8fe393dbaad168ba198d5b22b563f067c1c3e578a3fc8cfc7a10c63f162e86927c0a5e087ed19074cc596f86592c891bdbe8e46b56ac6f6a18bc65d0c463f712ddfe4793ed1b974873252b42f0cb1a6430c9ab1784f45d98fdda6622f9375a375885afa77d942d513d17663f769985c176850425a76e88c6bc912108c7eed336b1c79248f4dc1722fd88c12d7962f062ec443bd3369f8f8777ecce1135bd955c09e921702d50c8f62ec5de99b4c3fac7571b2b4ab7a2d16b111f3a6511d7922f4b12d622188ca22eff85fc142bd518e16c78d14463f3e75a2218b72b1e39221066c638316264550f4ba32cb8e0aaa2bca4466e3d0b329707a918f07ad1375fb4fd847243ed94d2b63563429a6f6f83e843438d70ca68522ecba37cac8e46bb149336ab1d35c118e8a2aefc1ae08a19963cde9289472842eb48caf44aba22f779b327232ac7890e0ca1b370a6d3b31e5dc598fcdb199172635f3ad0f1a64b03ab44a2d09d119d90cb5d91927e1bbe8e58a2367b88aa5e53926e870fa3a2c8e4a219fecdf7d1b7ecad3750f8447ca5ff0d86c3d2ddc13838f0ca3a1646473b42fc81654cdc8c8cb1087ad9639b7c23f1e3fb0e0a7c332e3f4e55a568989899fffc4003810000103020307020307030501000000000100021121311222410310203032516142714081c113527291a1b1d12350f004336282e1f1ffda0008010000063f02e5307179543cec2eae1e7d109e12a42bf3837d2fa70d397f2e13dfe001174c2e35854e6c8a144bb84fc0fd99e457860a1c51f021c811cb27708a2af05d57e09bbabcb1c35f8373795289dd1643fb1155429f0b5de0aa1e650fc4326c68b1eca8561da0e7d79de140e16bbb1dc48f8cf0a1b6e36914287c04855e2a2b6f93d2a1b6e30860303b21f02378238f0f2368d34da68543aa3b8f8109bb8fd96601441950f6a89853754559e502a45fe0426ee0f6ff00f57daec7ac5c2c2e5b4c74734ac2e42550828e2b200f261dfedbaea459616d5dcf086f180c4ac3967bacf131a28705457569e5e16be0224fc00ded9ee9c67ba1edbc8d399e178f801bdbee9e48d146aa8dc3e4a8254c7268a3d4a96eea7453c679922e9d2d36d3dd34f74163d9804a814599f3c73a2a75765029dce8a7d23b29fc94f19e48de7d91f920822ae856677d37e73842c4e688b3614032e77750328d4aad02aaf3c679237bef46acaed45c2aa1edbe19a28242971a26b62f4dd5188a180e4bd562e98b0d1546273b50b0b0d35541942f1c83c9f9efdafb21f8b737db75162d162f4fefbbed36e61e6cdd5434616f8ddddbaac623c34d94d46d0ac3eaeebb0efbbdb92395b429ba663fb229bf87716db10d5358e30d375862167ae0a9f2a4ef0b302e1d97da1cd3fa79440585a7df7091c81cb343709933ae88c21f8539d6c3544c60edeebdeb4589c2d7958667cefcd7f657f0ae7ba99b53dd08cae1aab5f750f8e40e43b7ff00dd33d8eef926629c3324774f312f2712a10233084eda01470a4af753dd1a8a5137a68257a54ca890e6b50c411311a05440116e03c83c0e1e37b6dd49b46f4fd56608a734c28c33e01d5402011981850cc509f7a51304d009afe6864198a9fb3bf95e9a795669c35f9a0d73205ca26a0ba8a03a6147dd5d57e03c651e077b6fd97cd0fc2371f74e69204e8b11fd101359d7d2838b48d53767301eeab96d1cd68749c2211185d4cbfca10c29a1cc31d450c535388a243a1ce2bd270d0226d014dd476e59e46caf6eeaeeb0d57747dd4fde049846f31550d923f55b47cba868a481fd39a1ee535a5a43995f9ac389e541997184e2d79188e108c10ef485d1d340a8053ca6b48a9aa90681575e59e270f3b9951d09d9dba6aa7108dc4f84f92e5b4dabbd35a2d93318209c4717f9e14bd94eb30a8f74f57f0a8f3d93a369d3944ae90708d3bab1cbfba143174057354a73dbf255175ec39f65991da0220a084fdc09d87a56004e15d456c9c665cd461c56d701ccf742340e6f4c8edaab9617e63ecba9b2ef0a460a098a7c9303f674ea3a29ac8fdd35b8ca385fd4602da6be90bb4941a0c809c48e71acf00463b013c1b1eab69e11cc846130263c95820b5dd3fca7381691d22574b48b53b6aa1cd20ed1d2890e806bf24730387cea8cb01c2decb6796293428413d5dbc26ead09ce29d0ed15550efa9542afba8775f9180aa6ec4e09a1a2ca69659c52669e1657db47772ba3a44a3706037ba7063c18c82509650bbf40b5cceeeb6a43a2bd90cc0e5efe1091ea4743109a08bd53a1515d66e0baba92544aea454f199529a1b75824188a95dd1a96183fbaa80462264230e228d42ad7ff00516cf1308b95b2c2f8a1f0b6550ecde0a7cb3d5ecb5e9fa2a4dfb229b0611aaaa91bb3d965b705159595778507751632a9b9ab17e87d211d69a22018ab8439628220ce53a282ff00f8d429c21deaa143338613af64dcad743a28b65208cdee9d0f8a8f0aed753e884b62a9d5d10e091bb35b832ab6eaef94237e16e4594c9f28a6fba34c822d75988c5ac2da67cad76a139ae166dc7ba19feef52cec8a1344e0d74e51428c82d38f45b28735f54676715f642f6fa2a7709c8711c3c5656e183552154ef3b7fbb4016222d55b36ce193523558981bb5c532117ed32bcb2ca5c2645c201aeca743d826e3106af309b6788256ca5ae15faa743c8a84dcc1d4fa234d422855538e8adc35e0ae5596ab320dd98249d14ff00aa702efba8fd98007616500e6360eb273f56d2ba94439847a02da61787010d00a8ab0a66664c91708f66e5ee1365be28aee1056d2ad3354c31f914fbcd15ae374f2a9ca96182aaa8a47cfc2d997374c74430be3089af729ad7b72b73388518fbb8ca6bb04810eca9d707122010ea7b14f19ea134cfe6116d32947c8d50cd654d5031b811cf91c64025872b549687073ee3c290ec389d5f6431b41c6713885225a7687f2080690ec4e5b62e618ffd5b2c2f705d4d35fa27e5151f441d80dd38550b235dd1c575757e44b55781beea90ecf629b769872140eca6ca84b4e043a5f916ca4111ff00aa8fd75a6887438307ec8cb35ee85edf45737ede1373683f646a34d537cf149dd45995f9345055155056c59a689a09220910e085358a1527150c2d3298462729d2a9c2945b4a3aa3dd3007c7cbcada383da9b941b94e96dbf85f3ee991e37d77c053ba775154a91c72abba94514270a7d4834354eca08c5a2ca70c9c48480ec6e994f7091256d2cf8109b76d2a9b0438cada48ff00256cf347ba76124caaa9e13ba9ba382aa42ba872a1e3a2c3b5b51178306ae4e2407400d9542416b7f5ff000a6628737a8acd22b2544824f7d0224d22ca36728e22b4ba023456df2a1429e0f3ba7742a5d415fd3728da7228a1e7092e925684bca74a005949d51aa145b4cbdd7e689adbb2bebb828df1c98592ea4eea2af053828ae9f042665bff0029d44cff00355b4cdfaf94d4fa7751ba54295553caaf15d5f900f6574da0a23429a8a6f0400b2b566f807b8fb01e51d4739b3a200212b32e9541cfaee062924cafbc2009ed2a58444dbfb00dedf9a11f7da87e3fe13bdf9bffc400281001000202010401040301010100000000010011213141105161718191a1d1f020b1c1e130f1ffda0008010000013f21de0c3a0da408d2740e26b129086c8041810c3a2ee9af6870cb53324ce731d4c752d373d74bfe0917807c7fe3160b83da1fc1a636a99558e8e9d6ba10c4c0df528ce5c7e48cccd40ef16e25ef113b7fe08cbc8f7c75672d719d218102c2092b9588b736e80af30b8f6e88998153aca9d3b25b3a8ed811816c404bf11f1058ff00275141b25e19709d8fd66fde810c1b25a21a8198aa1db1665eac32ac32f5348c546d97cf75292ade9b43ba53b412a3ff008607dc74040e8da39200b26304a9734e90b84bc16af71d433586085a9a230efb4b2e2f6823896ca4ca5fff00251b87303504b812cd99c9dfa9b7415ca1e2051d54d081f54119da6865143bcac8ad45db0b104c3df431b711de996657fe26e22bb50a88d62720b18da1b49a75876c4f11913317a83d74cb30e96c80c09976a8f31c9d1f1368837512f68ffe778bece86126d0e7abc7464296ff00128545c40ab73fa2385941cd117b459e8c60ed52913b4751ff00c2ddba515bd9d1224da6ef551216d5b8b9b8e93e52e0ae8fdeca854bd7430254295ae58cb47f9d2ee2c9828965a21c2e78859b3bc7ada62d4afaf9c1cdf338251292fcc769fdb0c331da59bf5605188ba1fe42346ba1a8b1ac4163102169697647be40a089c9cf4d735c537870744b5aa36623a329d256e6c47fc253a97417789391ea7a05f4f84e4c31c67406a714afea7b3c816985ea52d015d1324ca5cdb0e88c084cee188f0ce5326a5eb50661e865742c71fc226108fb7260b82fbc102694ad6ef8994f2cd537254526a570b37d1545dcb92a744984a40909609a30670dce0121d4446874bd2c44789e53a513998867a3bbbc0e11fbc6240cf42cd9a4713126372a34e4e3ff0026b4c9368e58ca1d74203105b8bbae3cba648b8c24108331897dba265b1195331037390cc4c4d41d16c2ed18b2f1e3a86318a9cf4625a3cc5988700abb5f682c7484b9949fc2a482c3198c6e9b26c9b27dd40412e5a96f776b71d021b8e7195642bda6f383ea770a565e9d42b5caf3336218ee318f470f63704b9864eccfb19898e5327f1d50d9cb8662c594d937cd905c2625251d9966026cec85bfbce571cb81ecca4dea06545cce3dbe4802e214a0a6fb446c6cd7a833d47a73d09e9b3c3ccb378d2ee3f8138ed32ca8fe34c0aa3d759b7a5b23851157133059ee0c4681c8da2aea30d9da12ac4ef20ee4e667a881152eeb70e21fe58c20d6a5cf0f7e2272bdd76c3f942e50a61d3d4967374db34c23863daa4f4b196626d70981c3c45f03347116ad9ee645115f4b0a33981181544cd9ff0090c3b7f79545a78108d3f830ef3bc9aba349be72968e30f24a2e2a2cc302915449f58c20b0592834a0eff41aa2278928ba6269f72db8c2be9b254a147b26d7894aac0ec731c3b1a09b0ab75509aff0612c71628ee3cc7174d74743e67308e585222528b73368f05e5c21a6d098f7698dbd9332e0ee589cddfda690152cd4c65e66de96049121b748d7fd864fbcff00f888ae1c9b3012f55aa456db6fdfa6bfc1d74ac8c4199b45af404da5a5a73395704632c7850fdbfde6f76665e96246219f87c4a499ca5832ce1972c2988d3a6395097753891d8c7e9321c846e5c40dc86781f31190af057eee6d5a7ae262b96bc4e669fc34e896e50a651f41e4eb159437ece87733371163860b075d7b2596ee8feaa3ca1d311217b5f11d7daccbc34ae30cde65950b955f90c1344c65b0bf9ed0271e026fff00882ffabca7fd7fa8017066da5efe88f94717ef3013ec96dce562c69d29d672358709b74de3d55d398970bc44531064ed9dee13fd30364e121bb7778fef98d2deee89558e273da295b12d6fb4aef15ec07a8985fa87db05eae28e2dd3f1e6007a0f2ff8424f21383f2c6461967fc7a22954b417f9c5fe88b662bba5dff10dd01b4409cc8ee395d74ae313dc1317ea0a01c1f798c996852390347316320fa66737959d238030bc0388d5a9bab7147a8dd5eabdd0e2bed112d5e73b63457de0df898375eeccda1fba580380fd2a5195172763fec30e23cbbcab81abcef41152e66ff8455c8d023a66c9974aea0b718cf58012e3c4b0f81cc406332f2bc447638e25d08152952c131b6c3037a5745323ee06233a5b5712dac570ff008f5d0da79cb88626edf26267e7194727873c4b1b1d03cbf11042a7ca50617815388c10ded2b871efa41518dfd7d70744c14bb5999d79547d0ba1673579ff00134f7fef36f9c4cbd67230d84dc2fe9118b61291e3f7cca1a8e18b6b93f7b32f6841fdf1f89b67ff00895959b55fbf69d8c3b7d3f33be0ec7f7b4a80d1d3fdb12d489aa39658999a45dbf3e7fa8dda4e3c1f89741c0997a5bc328546b9ac7be9e9163aa53a905f4ee8394fad4c0746e37cc1891730597d998b30b3af13b93d9394a5703d372b0f897852e96dd9de63ab2edb0f61e88afdc1a3dff7dca520d41eeeff00c8cc94c2fefa6122395afebb4b211ca9e3d7b658f12b0ec30128950539dbf59543705b06dfbf68d148338a7ee3fb8eca54c5e3f688f4e126f2cc386be5a8ba1956febd2a6a66c76e82892f164ceecb8eba4bbd934c70654fae25ab88f08ca3ca9bfeadf4702615ee1452d0b29fa41a91ad7295d3559ee788a244172b973f89c9d48e2fb7f70294bd1fe3c57d650971ab7f56bdc0e868bfc71da208a5c89835fbe60d46ed0e0fd62d21d1227ee7fa9426c4d986dfdb876c2ec72ea0b4336fbe2622ae35be7a5c474e5ce159c3a1b983a8896fdc0a1d006568ef1e9530153166d75f941712ff00344e64796e6ab20070581db530b6825057ed4f524777b84c2527ebe2505814ed641109b5673d7f9f4869d865bdd6f99684f10f9fdf11294416898fda9b8f56a6c3dfc401b4ace2cb7f6d9a8406dbb4ab51ef58dea6b064ce304db576de18e501327a45fb4eda5b22ad368ea93080e7efa684b968cc0587532155470a6e3fbecf32c0a0a7d13933bee57d5460eefda67704c783399bc6836155dbfc9900421c6b9f0a1c830dbeaae8eddbeb388366397feae20a5514c39fd6394283899e77f31af7db0e7ebf7130ad49a33cfdfee2031805b8c44b2c97038fdb8893069f625539958c60862ad3c135ca894c00663a426a3d0ee317367b84ab5b6632811a5ae5be877ccadd21c2d041db9f1730d03717ed799a3b0dcd4b1e630280bd39e5ff002598f31ec8ecfdcc4aad1e93c63e7ed36136bf0fb704c5dcf98388a0ae062bf4f1a0facf6263036ff1306cad5e5f6ff91551ba8b4c7ed4744010d03e3f31831b14763044e3c0adf96620e73aae6631df8514a4b2172810343a64a62ba43bb2cca6496311db601cc050e232de6508de1ff627b04e6608a642e994a1c0e3493305b63f457db52d85a873e7cbb4ca8bf847bf88d75d397632b1292c314e8f4fcfd2581fd4226180988b4569b6f7f3054c53eefaf6ca02a9f7479957cbca054d43ce0cccc61aa39cb102fad88dbc4130dc70cc24e7a7468eb2e03da34837032bc453a1306b2ccbc18224348c7a2ee59c40aed997694f28e0b947c45e1c96c6c7733ce1d4d89d726a831e224b2228e4d9bc6a5f361a567347e63400287c9cb13225057c73f32e91635d27d099a17b7478ff00b33bb84ca397f12d0357a3f7cad84eeaf116e9a401304149ad70f82572d555b955bcc75c394ae73d3025946ee2ef0ced76324a1238e23b63b708b71574234312ba100b48214c17a9e0fd136195722f35393181e22111df44737185ebed2f1ddee3f13b9b374ff798004789e7d3ea25a5c08f7769552ef772110ab31d5f744f43e08cd42f6ae1a710472618e5c6937902e52e328e260a00185caa08cc1a9df596ef165418c46a5e25463a2627130f69ac6e14605515efa20346d1a2a5682ee30efbcccda4894c177d8b998d0fac982cd058ef2e46d1b32dce64c3e9e496a766fb671100174f72779c9cbedf30d64adf7130f76af831b8ab8768c92c18321e22696d303f3f136ea21e66158431bdc33253006215552e0133f0ea42310be88d63046d5de3e8aef2bfd4749ba798e5f435181c8aed711a3bcb82600a7ccb8cd982b28e562980d4e2d42964fa091de1b98c02de239acee04c2ce558d1e227017e7f4e2538c8d3b78dc4720b4d3cf996db8757c196b19c791902c9f21e25582f1fec5de32ced3995cd4ef10f34c224443b8d6e81c82d71cc043b2656684c2a31b2224cee691a65505c662abb1ef066e0dc7761bd2bca6df1181b91878c07b8020c8d857334355d4a77efde248b0a0c19c1de55514031e503f30ad1e57178bb6698ee330986aeb1f1c418fca7dfe4d46ef9cafee889386244efda0bab0bc8fdd0e692b2045dd0abc3dfb8d48cae2a665dca0478d433100ccd06e77a41cd40da5de12e6615fbcb29149e630e088ae645f6ab946295e462d0facd7c486654544a170577841b1987e4f137694192b3c788d4a9269cdc7ce215c8055cbb773411f84ef7eb88c2d0d0f6fdccb85aa8518c7e598ab6e55254ac2d6b02ddff00cf99514ee63f79268341b3e6212f8abf823ccc1c88015d97ccbd5baa98bb5364a9a83422b10dca43108e65a4b8c84e1ba2b72c20ab116201532ce5289688296cf32c03c119002f9c4cb743c70fb9b731cbfac751259bf412c0ba6e7f63b7d27785076f6edd8facab5b2838d59aedff00d8f7a517ef88d8a651ba742ffb2d6a02e72517fdcc188c87bdcba32cbadbfbb8d299ec31fbc47073bb96625d1b07f72c734cbb404c8ac4a878e899708b186199d88b077b8ee628852cd4b114417b444846598f4b8c3d2b378aef08044fd7e917e8516f23dc169cbb723c9f32d8013b11e4f99676514e68f5fb880415e851c60e7338611456374e7d4a26c3b9e5388ae985cabf5a9552e4c7a3de2140a593eb1740d96416ba6353034cdf3f338a5dae25d48b167150b7796928ce4207a4ceecb7488b52b59133c156a6e28ee85328eb9ddaa4766f967e65877cfefe62db77bdb6f69427927fe7cc2f343aefcfcf78cc26f79bee8edd6bded3fea270239387e6506614f2e06e0979ddd4f12e30c203e42324bf30346384b9ccc57795d671d04bc112f182ab6a02aa552e2ae2e33bfa005951c9c13692f7463316a065845708ec76619a800e0733bdd1405c326b84da31faca3856ef257edcb1555ca2b1f1ea1a03cca4b1510acc53fba8aa259cd7630a4c2b791b8bbc30d5bddae660b29d07ae228ba40f29aa45ab130fb2515b61b12e623b2305a56c5accbeccb885bf66733888d166dd897e4d7b09b26a334c08589a424e8b71954570964ca3b4afee70c364c58763179fd628f05cbef72d852dabec793e63f3be1e367b62e9a5e7bbf8955623bbb1ee535bb3a67bc15ee9a39e3fd8aaf85d6ea1672c0ba776f89b95061eecab1e16e085788a32c6650cb2445b9888c8e26ca5a156588a15a44b575b8d855cde52146e8161bc3674dc2dcec7737a696c4dacbc12b5568c96e0cee504959f3e4f98e6ee5bfe8f306b40b26fd64cf1f78f76bdcfc415aef26ddacf89506c008ebe1954c0b57ccbf1d87ad47afe989729701d7880b1cccd449771ef155939c8b066d0a4e4b251ce2d4c32a596f016fe79fd890b66520f023de001216822c724b7889c3101972f19f5e687e9f32e965f774fd7f752e8132057e3d4debd91c8b12a559d4b1c4d7980c36ef8f32a5da1dd281c3be4463532af84c9fe8f12d2bd31a94d897c53384a996e6f09b974cb70ea532210d5ef970d9b952dec166d50dec81913e89436456a43de411c4ab653b25cedf30b5aa5633e6559daddbfc4f5be7cc2e8b2fc46c1be219da3b4d3cc4b11ae11281cf41a91a8980922e2c8b30ae121465d11e9573c27be98d58ef02113d2a711cde228c48ec50c8f64b4e278ee66e09e28be206497a42acb369bcc2acb14e2a00bc2d3988bdb01fdc6fcf301b2f3f99ac8f726e67e2076d94959c153719669885d243a5cdb442bb4e07433674edf3138096b16a046454f38974b2a65a460298f611f08c38f43c51ce5ed53587c21db7995e1589b3198a2cc4890195b621b99b3fc197f801243ac1139843cb8c332d478267068fbd597f1f309ad0c1e1e3f3371b3883122f13396f4f196c2a8f5081cc9a74d3a394d9fe493d0e8601c8801c227199b4c04d39fd276363c76a98098387cc3fa7b629a74e9d2eba359a23d0ee7ffda000c0300000111021100001004dd3a7a930da865c8089a1a2067cafc3ea362485876c8fe06987e3b53bbdc4d11f81fb453af83b577edb8656d54a1c6cfd37121e3cd0d6ed5ce35558fcaf973be74307c4b64b3ddbda37eb7c6b7419dba04f2d054fa315fdad92c524e72893bbcf1584ca8871ca3b5c540f83ce4a718d7b7eef2c4f3fb171222ad768b348a4fa6bcb12581bc9a5fd1120ca45fe8842b6dca70e7389f8b3bf86c9fe6aa28163784b8b84b6b31815f991ae7a5cb715c15b161fb5d6a54fdd372a2318f63d8346e3c05de2bb3bb23aae38e62bf5a3219d340d5d2585b9dfd646694ce25c979eefafadf4fa92db7f4cee058233397a78240ef44515a21a8d8da86648dff00695f9d6a2cb85e0a9dac5c13d089466bf7cfdaafa733cbf362a79bd9b8647422ce60aa2d94ce24609b2a2daba7a4da42ed5ad094cfbd0d868535875d19f487216f570fd93f3626b75686399900fa61dd7a94924b5fb9bbaa759005101dfdc599a37f9355fddb46bfff00ffc400211101010101010101000202030000000000010011213110412051617191f0f1ffda0008010211013f107db02064e5c6def652e5f846beff00259fc0fb76c8b98b33e14e0d25bd87f9e4dbf2c967615d86b70d941bf5c0cb83e1fc9638cff5b5973e0c3647969cb2f850863f93c8cc9f2cdf80c84978bc6dbaec3f0fe3fd620243f8db7984b7e08cf1061ec447c4647848ecdbcb84252de90d2fc0f9ea03af8eb8c4313f823f538796de7c28f6d5b9276475c972c0fe0c369f0fcd9bdb05673c98fdcbfbd439732ec5c367865f710ebf2c7ed82320bf1924f72ef21abc6fc0b767f807cb7ac118699965d90ecdecea0919e1e5bb193f43971f5e9043907ec26a88e3828f37559b87b907e41c19fa1c8f82f68f2f17898feccde937a8955adb7619db86a448fc117e47b7a8f6f391cf8786ef2797330238c91d4cc60cb0ccef831bf20b27abf57abcc4723e369eafed248f2df9fdac1f61db3906e27abc32983b9f0fdc31497e13eccff9952f59f24fedbd7c179bdded397c19dd96010b3c5d977e29f0d5e58c8475b309cd8d23603adf88233419df58b13b3e100dfcd987f76fe97edecffdff0089ee645618c8031bfb2b8db7f4c8e437fafc33b9c9305283cc80dbd64a08bdbfc4992e2c1d2c0b96963c7b78446fa323d4e9e4ef3e26785907f4bc88ff0032f31677b65e2585606d7e5c324d088631a79624d7d91c4e18ccb6724e0690bc3e6ef2ff005752f658dfcb8f8f0b98f60bd9d1d5a35b2bb10d5ef2f661a91f8b1e4c0fe4c57601ecaf33b6de4078de8bb69c7210e9396363fea1fc9298224c2ebc91ef16f00b5758818977b3f37e6c183f00992bb00c116ea97ce407247d918c359eb3c6408c6c7e49761adb94fe577272dab10203edf9761d576f20bd27584af7e366bec09b30560ec06ae5433b1a6cff00d9c5991f067bc933b5ffc40020110101010003010003010101000000000001001110213141205161f07181ffda0008010111013f10ceed18770770d6470086c784a400c3f2dbfe718be43b2ead9f706c01b3de118bb630ea4b27f127db43c96cb275c74638ce06d9d41849df0fe3d025bb1f60ef8ece44f575e93ef2f64c1d249267f061aadb61ddb0ef61bab4bd59216464927e47ef2f76d0d383d8f6f978b727bdb27b87e0196def847d88adb65033be033be3c4f31c13a25508c82b443677205a1e4364bc98bf61a477c993017abdde5106aee1ebff006875f8d9ca6928b24d325cb3ab043f012e82fbc5e5c0cef25ed6dd3e425dc6137b03ce3e4fc19d977677c5e5c6be487e49c8c08269106412b821ecfb659fb8e54b58777aba09b2b7ead4ec883761ea6f4207ae3acd654d25c93e2f5743c316f906bcc87d2061f200c1d5f0b367f080713875bc2bc720f0dbacbb60ea2e7fbe3fe5e48010fee61a1e92eaebdd9eb1e4deaf7c067db087391fb6f3aff7fbde1fedb7aba5f36edec4791e4deaf76b67a0dadea3fb8c07fe5b1e757dead223cce1edafb7570bf770dee4d993183ab65521fa93b9cd94dfc1f2c13702336b3b756be8b5ec03094b206c98fdae81fcbd475ddfdb3bcff7b3d1b12efd97d846ad47a9f36fa22ecf7968b4f523549f7ed94168176577c7b1dbfefdf03d2d5bb50a7abb359d7ab5e203d4070c3e2ba08abad985e17bb0cb0b3808107662937ae1d6f56d2561f50a2641d362d1b1459f6d61e0e010c243184b09469ec4718cfa43985d0b04807f603e5e1e4f63e445fa221c0d665925f78e56894c667a43eadb00d1e376dc3593fd59e8d879c6ea5ba83938cb402d3be01cacc6d480f684fa805d5f29c62d0e16189399371880b1ecaf005f112fad6de97d08c7a6c9c87bc1714cb663d7640e8be97e473fa6240d9c33259e5cbfffc400271001000202020202020203010100000000010011213141516171819110a1b1c120d1f0e1f1ffda0008010000013f1037f8c0b95f1b865030d252aa6c3b9a1e6248182c158660689f70b2d4b372cbc70172f4b067124a06b965d6205c0a18b6d2e23ca91365215567db2ae2df52cdeba229c2bcc71ca2b14cc3c67f17336532edf07d431e639fc313b82a3541625169139a5ca750d0c1718c33404d8cb2921ce14f82cccf733a64382d16c16d3791a49703831dc55bcc4d17391544d0b096ae83a835a7dca4adc44ffec495e6257e6845b0e393faf9864fc20cb44b5c174665f5079fc1c69488e388514132d61650515c198e40b585457fec9fb33f4a50fb80da36ec00962c06453bf32c69b8af880226a5250533ee77ab5ceaa6eda9e920b8f98c7788f88e65bafc544ac121b12015115c97e259657e636bbe388dbf82a0cdeca0799427897e111ae5c4a5c3e40d444c736731042c5090d98323c4422654358dc05b710b8468fb8d85ea256a07032f510caf4112e4fc4c9cfcb33da4c788cafc7bff000f0e37f8e4997e64fc11592a2e664d7502459417771d9933f4ce12bdb515926409995d4aab9626aa58e016c79b8370072cabca64bacf982ed6fc4e0ba7c6e3800fce611944f715a8ab1dc495f863f8f17f3b398895903d9f89159079603cb066d104b04dd8835eaa00a0cd971b32c317026c11712b526a5616ddcb29f89c8e0948c355a8edd55bdc440416de09b6815ccaade5805b3c2a38a4a8f021eee38467a9c6a55cf7f9b8a8304f36add24e007c46f687962bf8a810513f04972dd9a9b402a86aa62ca5af328ce9aa58436c4a2963704ad33644114f96a22ad8b044a2b30ffb4a19334cf05cb39c809bcfa63666e20eb11fcbfe3d614f04f4993f2977e5abe22dc3dd8110265590f231a258246a9d404b3a4cb27d8404d35cc3d4a2d13328834c4b8cfe17a4085c1ee02e4dcca899d4c31aa971ff002174bea226ca657aa5a53cc02a64fc59995d9f8582b44500e58d6148dc49aa30906b3cc74286c61aa3410dbf510851f64802bbce5ee1b60895e635c7ea30c34f98065068df3305392652ea3fe23a83f710260523266e56efd37f8879d68691e9389489063057e0945a96ad6641304fa082af37286118280eb88328ced9a20fba43636c62aa396a5fc4a72b7db88b607e18a5895ee0eff07f2fe1d2e36631d0e62e2da2826aba96ce10abc24440897a5f9ec9a111363e3c4527ec45f44139945232d0408359fc12898ae6f128348cd91bae5840e2dc4004e5a885d315ea07311d512eb370c55c3c43300f2476dd07a8fe0c453ca360c1f04a0f5baa54c81927288d3e329b8289d7440fa5a3094fd40139a54b200e0998ea035e897acc514101451369016171f354cb50de8cd9753921bf68a07d22d8a8839c4090db963940df07b8032ace3536fea319a42564a1dd3f0c205582e1eee668593c6a6935e90de43f7220a6466d60e767f114aed6ee1da9a62d464062944c9a8759f8e6282b46225a4960b860bf5ca289a88d44aa88f1ba631489d9015922ad445063d40cc52820186c1fdc5713c40dc90f609f07d3fdc5d33114c7a417fd4c3994e5514da620ac182c9504b22a24ecf010ab04733c7072f52814c5d4aa8104260e229510425fe438086a268b1f188c32f69b388bfa99b6024104ede4946b57744c082fc4da15f045a02da0e47d42bc97dd4f1e12d8d932a7879960127a2e2d8a3e60c1419cae8ee2587060960f7c7e1c26502a157572ae6284a1696251cd6e0278abf91dbd4cd8d0b02d6a5d140824b2b102bf1ae5e6041c3504c3044dc70f44304bee8841e60540730de25b2cbf6d4415d622e91a0e7ec88508f653ee5085b15c92bf61ce7512838eea90a1c979aafa97abbb8ff131e876f07d78843e8ca4fc4a9888b38fc387843ac330ce3dfc84b4fb4a53a96c612902bfc0093dc4b647a2c678811396a5ccc5f44440dfb254eb7a960c83a7c4ff0080334c90ee3a1fea573855807fd1fe628302d0cfff0069903131c9cf91b9a86343c3e48495d5c51504ee671e836addc21f232d9c2e2895f5039a6e0a9d3a9716e35137335dd3666fc0958d1506c462ae46b6076cb04d1fe1211d41a11810309c18947d439c150db1562e650de60a7dcec7e0dc664b4c07810c05b439c4ce022c10735cfa836b2b3b3d31871e46420420b9a8418cf4e44a5b54ca173391cc151e238839661f82abda032962834f6e8885e5b45a7f7ea0049a3d7f882d92ccddc72d37a8901e228a21942a4b47cc13435dc43ea37287383ac4d2c8b468b95062c2be13fb800ef93596e5c70bcc54a019258b8ec7431162c96b1bb9416d964b9f88e3904c704220aad01101cb6ae47cc16a6272a5dbfdf4712a143bf63f3fcb2cab828fe48a89924ba860b05c06086151439821d6a5b93b8340e1ad4ff744b012bb9e588a213c991a037f3152d4072724b2057a28f5b63a523409bdce588f53f94b8550e215965c7e62611512c5bf13594a2d94f042a258792f8f2c2e724ce3a63f820b615893bffb9609c82c060f675d130ff17463d21091a6788056c54d2fc54a8ac59429c1e2e11debfeb10284fed45ff33039a0e862cac50025ecacfea3e2e8288fd31d9ec1f517715a16a9da8731cf3bc004b2a41b185e8867970c406d3e2176c46b699b98e9a899aa34a6d6b4128c6b306df4df6e2ea8cc42846c1b03fa7cdb14d0beaca4f276fe89e08a1ad715d1fb8ad9f25ff28f134ff83a52e289799901cb29bb2fb1154614084b531849bb9683ebea67007b26b9bf984170bf5881e77f617fa9b2e488e8bfc7110a42ca9717fdd2bceb24aa8e283b8b2d4b5288c8da1a8dc331ecc4487586e71fedd1313551604caae9366ead8fa03886556e2d32b7825619726afe1c0660588ece7e3db94fa829e1c1c87fa81886d0fedfea514980ff000cddc05eea5161ee5c3280b51dc18102e2c748773265c7502a62bfac0acb98b2d0c392169d06a7d3e220b0341b6e464a715284a97acc19bcbf5322e2f151e936ee3cd315545f83b7c1a89405581ac7371253a60ec836858216d9c3f112e2971510d1b0a517b3b6148020912e4af80c5730658f6615e774dae6dc4c10d8c03b2bf6188b93ac2c0de1874154cd5c86b739e7caef889017c1e33d1e265d55ee5008b1973255cb8a940122fba51eafc794dc114072b894b6cd30d39ae18e6d5f8cc158a61d8c50a0b417bcc08d603aae9aff00718ce54788bdcaccb12ae9475152625ba07bacdd711dc631b7c35fb896eb1abc2f8f894dce4691ff00666d132ecff45f332732a967f9ef45109141ed975db02b4978bf45c624580560e3aecba56286b6d46dfc6ce0a704658d61b85e30df23dc0952029b397e5d11438030034401f30dcc426af52882349505e4a8d51ee649b6e246e918e12c72ba44d6a395a3825cd5a2cc2b3330ce00e6339e12b6b657ac1d3e6088681b56e1ee0ab91c443a5855dbc41eac6a085e0e16b0798e92011f49dad54d5d243966cd92aa6c903c02cfccbf0a8975c5bded57e8bfd4a06ad32af70f371b7b5d40034f55f9efaa9937192ed64f65ece62f58db0cad34e9a3882b09b0cd980e9e4c48ea5bc2fc78a3454bdd86da25b456c1af2c7b4adcc4771607e1d28a87b98f3967a1a63e88ad1ee2b3c4b06360ea27983666300aba3af30a9862bbe35771926090bacdd43dc17d0ac1ea0396f98aab5760fb60b500163d1f2e250b2d833406adcd2083dd4c42856d4760b35879eba815b7bb926d572ddf7902583c387421742f85ebe3898c180abc6c3ff609142de00438419377a7ecf51e54d80d2d07c701040ad100b6c0dfa872510cd35f0de979b8ead217636bcffa97cbb815d5ef0f2ff7362fbe0352ea6f0daebc4564652c1a60acb7f8752aa148e9b8143d4c9bd42c7dc2a7cc58313b75052de61b871844db77f71bc170264aaaceead161cf91d93fa9447a3fa423de5a08086aac3402df8795663d38652d9da05b5e11450a809d8f15dea06c02ae91bdfbc3f51cf6b56e2d393fcc31434e5610cff30ad341b0acdf63b850d2ef3cdb0e22dabdb3165e4e745129e4c05f56028d87ee2d0676798c0de1ea29dd17cf0ddd9a068631ef6d0d15e4e0a3e66654f582dade3de3e2605db86cef0f788ac4d3ea6457533465fe22c129d8ea3704a17c4795f805db9d47215515b579b7d620660798aea1c98a8b07b02abb32e61385075c47c0cc88c10287bd11fb9ca242d923986acf0e137c12bbc58d85c1d197468b9b2c9f53c432d14bc0d4543822bc420ef62fa22026213596bbe922afeb61cad89a04b78da84a052e5abfa212225c8bdc9e5fe2165256d9839db59c3d12e260392f5e9e3100581ac15759b2cc3dc02654c05055963ff0c57132ac972d277fc11008e6e5e9e5971b9e6cf383e6a6465429e20083c4bc2d660ae121c2a5720160d112e2ff0012a08f50151842b2bd4cd1e6657761fa9950c42502b3094c1b7e745c743d7ec54eee5b95edc3f71c4ca92d259d2a80eb35ce482ad6995b55db5979aad1170c41580e01a754bf15cc750adc3881ac64c79e3892800d33ab5738a6b93a2fd072450182008397fe0d90c0d355aa53874cbdb2d161d82a64ad0fd2612b87df7a8c2188c246d316650461993b839bdeedf516b4814fff00673e88529331bb0d67796050a6d55f2defcbfa9ae1a4f8943d09dc8b48a375288371fa53359daf441777a9417cb07499c628d08b74ca02e67b984874e8e15cc5d4c061efda74788b7189340a862d15b34ab1787ff22d302a9bc5b5d071508354cef262f6c97a2c352b3cd197795e11d1e235faa845ab4d38338e98b733c8394069df6e72ca02cc8a5175a5b47c4cd6c16d756a5d68f4a509f060b5d29c1f99566d055b21c036fecc52b080ec738c6df8095d401967ecdb47a202f82c5af0cb5acfcc72a37cad393b66005dedb46f3ed941a8c55c4bf066a13561cea3232c789c633da251920b4cc78812391506e28a9784ee34010770b4290fdc46202f897edd45c30ab1ee140281470496a1971012fa97b56ad263144b64b743836e7ac913f368c15eaefc7ee25adce4081a068cc780d0aad344f63980030594866df2e9b4c5bc34af2682c6b1fb1802962ddb6fe6cfc400f904d95db0ad5fe4893508bcae5e7c5c04dd6d16bf00e194edbd972e4eb9683c446bef03465eb817ccb4a02ae2af0d38d4a5d2e7bb6c70e372cc152df34b75ee2bba008dd4b4b8a53d095742595c6e5375888c3d31367a99230f17588230a228739debdc7c2a6eb70e348a68c72434723b94120b93452c544bb68a2b57036ac0685f504a6b00a62b1b8acbcd6fce220a454d85aaf9f507522043bcdc8d9b1599744c09d394b3e43a8081c6bce655a8f1b1cc571c9bb430cb7e01ed8a8bdac4a051ad58fdcbb07afd97a66d5c076a970721714ffe08521efacc9eff00fe060661515466a9f28f894c9b53676b33a3ed2c86d2a59d039dc05055b147a1cc62c61cdb098ddcc069002922d9e234ee5e61894159cca1f88ed8fe44fa98b2f703050310f249805ba884acbbf32cd4668154a9906ba96754929a00ff00eca4906f6d3ed01540f11bc944959817f58b1c9c6fb95a4cbae55793c1133a9f046aa30ead9710660b2705a6a6b0c36ea6409004bc7450b2da7c301b4c4437c81796fea3667034ad18756adc5a3d5441c4acca1f50f63102bcab0ebf4956232bc4072bb90474d4c39747a136013603f21ed94c9179d02d7c99896b8c296f7bd42c1406ae5e47994307660a3e72541717b86d4c1dcb5a4f6c79539ee2cc9798371d4f0966e1ad1661631ae180d42575ff0032e276ee0bbf88a2975a89e828db8ae212f5365e5f52817c6e2ad5d1772df1cf1d0b75c8846536209320ae9fe600ae6db0a10e565f11140d2ab6e85926187a9cba9092b760b36b0813b6553aca7b3e60096a572e4d1f0f7cca29088d139c3998bb4e167d1064653cbdcdb178804f814790759733c50e12fe2d4c54a55828bc9825c852ed1cf21f3145d8cedaa3fa95df2e49760e7b87da3cb12a123c5c541afcc564ebcb3487dc30c8af735c2c94ca110050c513f884ad810650054e225eca8b84ef056c7c44da6a92e05f709e0a7fb94c741b5d40d2400af9595c91a2a0db79e42cc7f3728e2710a70d6cff00bdc05c0252a6b7acfd8c5173844a20ad78721310bbbf45e5f8ea5552ab4d7154553b4659ad50b02186b8732e86c45577cec704a94914cdc7cd3c44671451c5d7132aada7ed610db85ffb06a582255ba46ab730ef04ad6175157b147e730ca548f2b9608a2ac49a1e39b8e580d1ccc829c22ec43edccf866596663bb5712c8461ad9d8e220b93980aa7732f6f3f1342ed8106c82ae6514a2bd4bc11be5430e2d51cfb8a8acc12f2543db0655eb3b968ad40d5acf98b6d66bab46723d6d49ae4ff00c947928591805358c9d12d25175b496dff007cc5d9b505caab6e9dea6ce109adb1ec73e2202ca1b5489abc63ae659c1bb0aa35d87e90c0592014ae269221afd47f36403b82dbfcb30c078e88fdaa599e9dae53c46e2cccbbb59ffd81a68718f7387134a2a660294b19001d913b49b595a229160fc6a10dc1c4674d72114c889e226b55ec8ab2c3e2206cadc5178885fcce51c03672263ce4568d77134d00714eea25ea543c0fc448588b1e7b70020110a91029407abbfbb2aa18262523851e9d0898c5ee50c4282ed12aaf5579122aea72e41a5abc139975b5a15e5cac6bc91dd10f50a5c0dedd24312787d2ba6b22c0e99560a6c0437961f0d45e92da54c0d553515774367f9b2269e8957e44488a5c53cb9b988e6aedc613462ad6e9c9324a6d74df32c81d43f73030e9cc0e96655029c40037b8357596615ad40a8b9cb5789586bdd4c217c45c1a892d48fd233276ac4d2971e48458c0a5d5c59c0b8c428b3cf71369e03049cc4e00efb65fae8b7132a18b4db7c98e2a248722080a2780c8722d4cbb56d6e92d809d87988d72156d6af00ddc41b1a8296150abad125b7c2c1736b2b56b35c441bb5b42605f0996dcc0b27aae6280c624c32043401ea2f9ee7877a0835924a551db7b3e00cbcdfba270f4ca12ac9c17c9136eb38d731926ac9616e21379c44f98eb2a6a19358205673005a9197c46a01aac78961447cc58b0a168061d20e789dc638c29c84c14c043e140a3e650ca2e7dfc44295e30a6235ea0d9893c3e426f2f8d4ddd580168887f0cc00d58eb985b1bfad1ed8a8ee183d55e2814d3b8a8af1ed7082b7661e497184d34a85a1e49cb9206ef437a28f9e1b1954d52ae24262b99190aca8001acd66e05a2cebab7caebeba95b59b4d40d272c2f11069dc21ac1c2c73628ed6aed4df64cd0cc40aca3a652220697a63f646d81a4ab0de4c7c310ef280f98eb6969f33e35021c873d40e5c859db9b69f1195012a8ed0a398a831f40f32dc77116cf31d656a51901ff00ecb42e8ca52e6e5559d3d90e76ba8059cbcbb69f08e65eba30585d75d87fd95cccda352a9d2b9360e7b8683513a2952ed50a84010a800d5e4f3d7a8ab5407a8d2caeda7e1120eca8a558382ccd2f9950f53494c3c39609247840391bfb6a6082b778579ec6042a498160ef7c28851d6197575cc309010a0419dfb1979cb02dc174c57b81b40831414b3f7894036daf3e4fd59321d263b03a9f0cfc0ab528b0b22d66cc8ac5d1a37012c46f0b752d218694cdd12fadb5a893d0f115811371c5d4bc5abb81a62590b03c24c9b88aa6adc9933c8630462e8babf8791c4b20a13a03695525bb935d0b925dfc2f26ea148b848141cd101a35a7040d083674534bfa825990ad2263013518d26d8d409b91a7a9f6b14ca39081ce513bc0af0808a12d7a077e6184e0c7d9fa5811109cfc3244440581db48ea0d92fce749e81f90bb2398038ef02910ce662adfcc331a798222d915b876ca7087c46d0808340f32841499c4bf0cee88b581dc4e18971689515ed6517cc354b5a1c6b4175cb85981cc0b569acaca1c70cdd1d9a8adaae5aec97ec7e52f39bcd1f911a46a8da4b56c956cc3516a9487c2a3d73042ce68155c766e0385894b5cae91da5616220195b59c90933472d722215800cdf974cc576e53c883b885563363d92da2c3c2775c332f0c56a2032b0c5bb45ce230581714d80751c9c46ae354571316c658b0495b352fd81182a0e10900358841213004a96e070a4cba97dc25c8fd4a421e786392d20df501995d5832d578ea231443182bcf6f1c44aee8de159e5e9fd45032d5ab978d78fbc6e6cd19caecbc397dcb379bb1a57fd87dc586f994c256cc7301d96428a54e0e07ea2cdcd74101d5f04b406b23780e9d422c8c6374768784bd9f204bc092c075e679980f0346336ea259c40785399634b701c3c412ae25b7b152d262807b220e46497a14eb32f0436dc50cbd84a5b223942f317c2fcca2b4828498428f0f334103c9120e7564a522681584e36462eb1b142fef0798066461d119ff0084ac5b7b28c358d7c86a02cf4c633d7fb046630880201db2ef69c4593998d6af61498e9cc5244e384a3e2d87ea6c0ea3ad53c98755158ec0061d5a7ed3091c32cb2362771e2c8fa20bb784c031256be4f12d5ca9c778fe2318b4d31db18e23ccd47704176c1b1a6a584b16655f736605f570c26e629690d92d455a62a462b0030f131036a2b52ac64d9b2003ec5e49c786073f505ee1b5c30522db046d82bca0651319cee611ae2a2719c9c69e23ef122924a2986d72732929e2da345e4f9928f1759323d8790e2002d3653a501d801984d82fdae1b4174de5ff0088a5d51d0174c1d0d3aaee1c85934a5dbd05bbdb09b230c5b063c1fcc49e36f8618c40202c8d8ea177b112990bf71354c7458db2f6630b7cc4cb154ca29c1c4e12b1b37e606a419668470df6851d2d6789992d6a650b5e3c4a003b98cd8dedeb2d94b414cafd718e18a058e46e1ee279825b6fa817db7c92df4f33008ede230e0f332b2af877ee5222c3080ad5e9b8a7e4e5148a802accc1ae627b5bcab8063d92d8d623d839c3e288a16f2ad45b90f11eb28b574bc8732dbbad2dc0e1990e00c22b21cc6c0799a4e0230e605868af72d8c54e166a12732d9d5e652546205ce163cc58c159bc4b33645698aa05165afea2d162a49899a2380b0f52f259593f93c4f5e1bea25493898bbae2558c507b0f6300e6e1ed51fa9505eae6ca33d4c8d934330835ea0fb4367ab2bfb94834736b8cb83c40a24aa7c418485979ee9bf485337640ad6faa788329a9777df61f12848114b45df97a89a4f017235fea5f1efd1c8710404b6de7a0801546d721f2b023c3a8da21a599fac2325462a99ac42e15369692c4a9f226e1e02dccb4cb2baea0206808a6ee1bcc5369b81f699578e3986d33cc1b05ace001ee0d0f3e605556dac4acbf0114b2d5d84cc45c24010785538887de0e2317dfb8857454d85bc79964068f92f31fe50c1e52da1e0fb603d96b751489cb34102e6620ab2f041448ed494c547645df7218d457885509d44e12232c18836911ee255ed0056046c6e2d616e691715d15f307dbf522ef61b395a29ec2da96200aa50e4a704a77767883529bf307c8c3d4c2f7e25836d5b7ccc4d97ee3997875368cad50d5ccb46e355368686a9350e6974e4ea1d65282a3bb96c7f845d214e22516d98009d90f457a80b589822cf712c46546fc4dd3c3165e102744ec826e519d7c11b4f8dbcb1eede4d30e53b2a8e313499d3f11abaca05b2c677862b096cf24541430fa698a26d521e496a3df170b86cf70adb291b2dc7410c690e203b080c6a98395435373a211bdcf04014393640068ac466d9b3349fd8870cd90620821dfe368313580287d900c01d042608c70cc95e6702500692b863eefc1783d78835370180900b002307a8a356ae3b9b6260c597e00b60dce53f9e0fb2687bfc354ffd9, 1, 0);

-- --------------------------------------------------------

--
-- Table structure for table `test`
--

CREATE TABLE IF NOT EXISTS `test` (
  `id` int(11) NOT NULL AUTO_INCREMENT,
  `ordering` int(10) NOT NULL,
  `contenttitle` varchar(30) NOT NULL,
  `description` varchar(100) NOT NULL,
  `LatestImage` varchar(200) NOT NULL,
  PRIMARY KEY (`id`)
) ENGINE=InnoDB  DEFAULT CHARSET=latin1 AUTO_INCREMENT=9 ;

--
-- Dumping data for table `test`
--

INSERT INTO `test` (`id`, `ordering`, `contenttitle`, `description`, `LatestImage`) VALUES
(1, 0, '.<p>No Description</p>\r\n.', '.<p>No Description</p>\r\n.', '.73498.png.'),
(6, 1, 'no title available now', '<p>available&nbsp;</p>\r\n', '371570.png'),
(7, 1, 'Latest Update', '<p>Latest Update</p>\r\n', '305992.png'),
(8, 1, 'Title', '<p>Title</p>\r\n', '716836.png');

-- --------------------------------------------------------

--
-- Table structure for table `test_image`
--

CREATE TABLE IF NOT EXISTS `test_image` (
  `id` int(10) NOT NULL AUTO_INCREMENT,
  `name` varchar(25) NOT NULL DEFAULT '',
  `image` blob NOT NULL,
  PRIMARY KEY (`id`)
) ENGINE=InnoDB DEFAULT CHARSET=latin1 AUTO_INCREMENT=1 ;

-- --------------------------------------------------------

--
-- Table structure for table `title`
--

CREATE TABLE IF NOT EXISTS `title` (
  `TitleInt` int(11) NOT NULL,
  `TitleDescription` varchar(1000) COLLATE utf8mb4_unicode_ci NOT NULL,
  `HeadingId` int(11) NOT NULL,
  PRIMARY KEY (`TitleInt`)
) ENGINE=InnoDB DEFAULT CHARSET=utf8mb4 COLLATE=utf8mb4_unicode_ci;

--
-- Constraints for dumped tables
--

--
-- Constraints for table `description`
--
ALTER TABLE `description`
  ADD CONSTRAINT `description_ibfk_1` FOREIGN KEY (`HeadingId`) REFERENCES `heading` (`HeadingId`) ON DELETE CASCADE ON UPDATE CASCADE;

/*!40101 SET CHARACTER_SET_CLIENT=@OLD_CHARACTER_SET_CLIENT */;
/*!40101 SET CHARACTER_SET_RESULTS=@OLD_CHARACTER_SET_RESULTS */;
/*!40101 SET COLLATION_CONNECTION=@OLD_COLLATION_CONNECTION */;
